name,player_id,team_name_alt,pitch_type,pitch_name,run_value_per_100,run_value,pitches,pitch_usage,pa,ba,slg,woba,whiff_percent,k_percent,put_away,est_ba,est_slg,est_woba,hard_hit_percent
"Greene, Hunter",668881,CIN,FF,4-Seam Fastball,1.6,9,574,57.5,151,0.194,0.287,0.26,26.6,33.8,25.1,0.168,0.265,0.242,38.6
"Harrison, Kyle",690986,SF,FF,4-Seam Fastball,1.3,7,563,65,143,0.224,0.336,0.299,21.9,23.1,19.5,0.211,0.37,0.303,47.8
"Glasnow, Tyler",607192,LAD,FF,4-Seam Fastball,1.9,9,496,53.7,136,0.198,0.372,0.3,20,26.5,29.5,0.194,0.345,0.28,36.5
"Rodón, Carlos",607074,NYY,FF,4-Seam Fastball,1.8,9,516,55,128,0.246,0.492,0.335,17.2,14.1,14.3,0.295,0.594,0.397,51.5
"Paxton, James",572020,LAD,FF,4-Seam Fastball,1.4,7,458,62.4,122,0.22,0.31,0.304,13.8,11.5,11,0.283,0.458,0.396,45.5
"Hicks, Jordan",663855,SF,SI,Sinker,1.2,5,447,51.6,121,0.288,0.378,0.339,11.5,9.1,13.8,0.285,0.434,0.341,47
"Peralta, Freddy",642547,MIL,FF,4-Seam Fastball,0.2,1,425,51.8,119,0.257,0.386,0.333,26,30.3,26.9,0.28,0.46,0.369,46.3
"McKenzie, Triston",663474,CLE,FF,4-Seam Fastball,-0.9,-4,409,53.6,118,0.253,0.473,0.407,11.3,10.2,14,0.324,0.651,0.47,46.3
"Imanaga, Shota",684007,CHC,FF,4-Seam Fastball,3,13,454,58.2,117,0.164,0.227,0.21,23.3,23.1,22.1,0.232,0.395,0.293,51.8
"Burnes, Corbin",669203,BAL,FC,Cutter,2,8,419,44.9,117,0.224,0.355,0.288,19.1,16.2,16.8,0.252,0.377,0.306,42
"Webb, Logan",657277,SF,CH,Changeup,0.6,2,353,36.2,117,0.301,0.416,0.325,17.8,12.8,14.9,0.346,0.518,0.381,54.1
"Gil, Luis",661563,NYY,FF,4-Seam Fastball,1.2,6,478,56,117,0.167,0.271,0.274,30.6,31.6,24.2,0.198,0.313,0.303,35
"Cortes, Nestor",641482,NYY,FF,4-Seam Fastball,-0.4,-2,458,49.4,111,0.26,0.462,0.335,20.9,21.6,17.9,0.223,0.421,0.299,47.5
"Ashcraft, Graham",668933,CIN,FC,Cutter,-0.2,-1,382,44.9,110,0.316,0.51,0.413,16.6,13.6,14.7,0.309,0.522,0.392,49.4
"Cease, Dylan",656302,SD,SL,Slider,1.1,5,399,40.7,110,0.158,0.297,0.231,43.5,39.1,27.2,0.169,0.299,0.227,32.8
"Falter, Bailey",663559,PIT,FF,4-Seam Fastball,1.9,6,348,51,109,0.177,0.281,0.242,20.4,15.6,21.8,0.234,0.38,0.307,36.1
"Houck, Tanner",656557,BOS,SL,Slider,2.5,10,406,42.3,106,0.176,0.216,0.201,28.3,32.1,23.1,0.226,0.327,0.254,35.3
"Castillo, Luis",622491,SEA,FF,4-Seam Fastball,1.7,8,455,46.3,106,0.216,0.361,0.281,25.8,32.1,22.2,0.206,0.367,0.278,40.6
"Allen, Logan",671106,CLE,FF,4-Seam Fastball,-1.7,-7,416,47.9,106,0.365,0.615,0.438,17.6,14.2,14.7,0.321,0.562,0.402,46.3
"Gore, MacKenzie",669022,WSH,FF,4-Seam Fastball,0.3,1,464,54.7,106,0.274,0.389,0.347,23.5,25.5,19.7,0.243,0.344,0.298,39.7
"Singer, Brady",663903,KC,SL,Slider,0.1,1,414,44,105,0.188,0.365,0.268,38.4,35.2,23,0.232,0.388,0.296,38.3
"Sale, Chris",519242,ATL,SL,Slider,2.8,10,351,40.7,104,0.141,0.162,0.165,40.8,38.5,28.8,0.143,0.201,0.17,16.7
"Abbott, Andrew",671096,CIN,FF,4-Seam Fastball,0.5,2,445,54.1,101,0.225,0.438,0.33,13.2,18.8,14.4,0.224,0.382,0.309,41.4
"Gallen, Zac",668678,AZ,FF,4-Seam Fastball,0.6,3,408,50.4,101,0.27,0.506,0.372,15.7,20.8,21.9,0.273,0.506,0.374,55.9
"Flaherty, Jack",656427,DET,FF,4-Seam Fastball,-1.5,-5,371,42.8,100,0.283,0.478,0.355,28,30,27,0.277,0.455,0.343,37.1
"Crochet, Garrett",676979,CWS,FF,4-Seam Fastball,0.8,4,444,51.5,100,0.165,0.286,0.24,25.7,29,20.7,0.174,0.258,0.232,37.1
"Gray, Jon",592351,TEX,FF,4-Seam Fastball,0.1,0,347,41.5,99,0.289,0.4,0.335,17.8,21.2,17.4,0.303,0.475,0.365,58
"Heaney, Andrew",571760,TEX,FF,4-Seam Fastball,1.4,6,425,56,99,0.159,0.341,0.284,25.5,27.3,18.8,0.166,0.351,0.27,43.5
"Singer, Brady",663903,KC,SI,Sinker,2.2,9,384,40.8,99,0.244,0.378,0.316,9.4,20.2,21.7,0.277,0.477,0.354,45.7
"Jones, Jared",683003,PIT,FF,4-Seam Fastball,0.6,2,375,49.3,99,0.215,0.441,0.294,30.8,26.3,24.3,0.236,0.464,0.315,45.6
"Sánchez, Cristopher",650911,PHI,SI,Sinker,-1.5,-6,390,48.9,98,0.36,0.465,0.437,9.1,7.1,9.3,0.346,0.471,0.391,52.5
"Gray, Jon",592351,TEX,SL,Slider,2.2,8,376,45,98,0.185,0.272,0.235,35.6,27.6,22.3,0.221,0.327,0.259,33.3
"Stroman, Marcus",573186,NYY,SI,Sinker,0,0,378,39.8,97,0.244,0.397,0.376,15.4,14.4,15.7,0.251,0.399,0.359,43.8
"Berríos, José",621244,TOR,SI,Sinker,1.6,5,323,35.3,96,0.259,0.346,0.336,10.1,12.5,15.2,0.31,0.477,0.393,53.6
"López, Reynaldo",625643,ATL,FF,4-Seam Fastball,1.5,6,397,58,96,0.247,0.321,0.315,17.7,16.7,18,0.255,0.377,0.334,45.5
"Ragans, Cole",666142,KC,FF,4-Seam Fastball,2.1,8,366,39.9,96,0.176,0.294,0.252,23.3,27.1,24.1,0.243,0.422,0.323,42.6
"Cease, Dylan",656302,SD,FF,4-Seam Fastball,0.7,3,428,43.6,95,0.163,0.225,0.271,21.8,22.1,20,0.198,0.37,0.312,39
"Nola, Aaron",605400,PHI,CU,Curveball,1.4,4,302,31.4,94,0.183,0.29,0.22,31,33,26.1,0.224,0.32,0.238,30.6
"Anderson, Tyler",542881,LAA,CH,Changeup,2.6,8,296,35.2,93,0.181,0.229,0.235,39,29,29.7,0.219,0.311,0.278,21.4
"Paddack, Chris",663978,MIN,FF,4-Seam Fastball,1.2,4,343,41.6,93,0.315,0.404,0.325,27.8,33.3,29.8,0.253,0.376,0.287,49.2
"Gausman, Kevin",592332,TOR,FF,4-Seam Fastball,-2,-7,373,47.2,93,0.376,0.635,0.457,17.7,20.4,17,0.348,0.645,0.456,52.2
"Wheeler, Zack",554430,PHI,FF,4-Seam Fastball,1.7,7,416,42,93,0.198,0.333,0.307,30,28,17.9,0.22,0.413,0.324,41.8
"Gilbert, Logan",669302,SEA,FF,4-Seam Fastball,1.1,3,301,32.4,92,0.214,0.321,0.272,19.9,19.6,25.7,0.244,0.393,0.308,40.9
"Corbin, Patrick",571578,WSH,SI,Sinker,-1.9,-6,291,37.2,91,0.329,0.5,0.391,7.4,9.9,15.5,0.325,0.485,0.382,57.5
"Kirby, George",669923,SEA,FF,4-Seam Fastball,1.6,5,344,39.4,91,0.218,0.402,0.284,28.3,33,22.2,0.235,0.449,0.299,37.9
"Wood, Alex",622072,OAK,SI,Sinker,-0.9,-3,349,46.2,90,0.351,0.635,0.464,19.9,17.8,13.9,0.354,0.596,0.451,46.7
"Bibee, Tanner",676440,CLE,FF,4-Seam Fastball,-2.7,-11,407,45,90,0.383,0.63,0.47,16.6,12.2,10.1,0.337,0.551,0.41,42.9
"Weathers, Ryan",677960,MIA,FF,4-Seam Fastball,1.1,4,399,42.8,90,0.26,0.364,0.339,12.2,7.8,5.6,0.312,0.507,0.396,45.1
"Bassitt, Chris",605135,TOR,SI,Sinker,-0.8,-3,349,40.3,90,0.377,0.494,0.434,9.7,14.4,13.4,0.344,0.522,0.415,44.6
"Soriano, José",667755,LAA,SI,Sinker,1.9,5,257,35.4,89,0.208,0.221,0.28,14.5,5.6,14.3,0.28,0.38,0.341,50
"Quantrill, Cal",615698,COL,FS,Split-Finger,2.9,8,278,32.7,88,0.153,0.188,0.172,24.7,22.7,19,0.19,0.284,0.216,36.4
"Wacha, Michael",608379,KC,CH,Changeup,2.5,7,293,32.9,88,0.176,0.282,0.201,33.5,36.4,25,0.201,0.315,0.225,30.9
"Houser, Adrian",605288,NYM,SI,Sinker,-1.8,-5,270,46.4,88,0.257,0.351,0.355,11.4,9.1,12.3,0.253,0.376,0.338,42.4
"Ryan, Joe",657746,MIN,FF,4-Seam Fastball,0.8,3,376,45.3,87,0.235,0.432,0.311,22.2,27.6,17.4,0.248,0.463,0.329,45.6
"Eflin, Zach",621107,TB,SI,Sinker,-1,-3,283,34,86,0.286,0.429,0.338,15,15.1,20.3,0.263,0.409,0.297,52.1
"Severino, Luis",622663,NYM,FF,4-Seam Fastball,0.7,2,349,41,86,0.194,0.278,0.285,22.1,23.3,16.5,0.234,0.334,0.317,51.9
"Pérez, Martín",527048,PIT,SI,Sinker,2,6,284,36.6,86,0.247,0.325,0.303,10.6,11.6,13,0.288,0.416,0.34,45.6
"Valdez, Framber",664285,HOU,SI,Sinker,0.9,3,318,51.4,86,0.303,0.408,0.358,12,2.3,5.9,0.325,0.451,0.37,53.3
"Mize, Casey",663554,DET,FF,4-Seam Fastball,0.4,1,302,42.4,85,0.259,0.37,0.315,19.2,15.3,13.3,0.253,0.411,0.302,45.6
"López, Pablo",641154,MIN,FF,4-Seam Fastball,1.6,6,360,40.2,85,0.179,0.41,0.275,28.1,29.4,23.1,0.204,0.422,0.293,51.9
"Cortes, Nestor",641482,NYY,FC,Cutter,1.3,3,276,29.8,85,0.228,0.304,0.27,25.2,16.5,22.2,0.229,0.337,0.27,36.4
"Brown, Ben",676962,CHC,FF,4-Seam Fastball,-0.7,-2,342,62.3,85,0.296,0.437,0.367,18.2,14.1,15,0.353,0.608,0.461,63.9
"Yamamoto, Yoshinobu",808967,LAD,FF,4-Seam Fastball,1.4,5,323,37.9,84,0.253,0.453,0.326,20.5,15.5,17.1,0.294,0.495,0.379,50
"Detmers, Reid",672282,LAA,FF,4-Seam Fastball,-1.7,-7,418,45.7,84,0.278,0.556,0.411,27.8,21.4,17.8,0.236,0.492,0.361,42.6
"Anderson, Tyler",542881,LAA,FF,4-Seam Fastball,-0.1,0,348,41.4,84,0.227,0.453,0.33,18.5,9.5,10.8,0.295,0.632,0.421,44.8
"Fedde, Erick",607200,CWS,SI,Sinker,-0.2,-1,295,31.4,84,0.244,0.397,0.32,23.3,25,22.8,0.253,0.435,0.32,54.4
"Verlander, Justin",434378,HOU,FF,4-Seam Fastball,-1,-3,285,50.9,84,0.222,0.486,0.345,22.2,19,20,0.221,0.455,0.335,42.1
"Feltner, Ryan",663372,COL,FF,4-Seam Fastball,-0.3,-1,290,36.2,83,0.247,0.429,0.321,20,20.5,19.5,0.258,0.43,0.323,45
"Morton, Charlie",450203,ATL,CU,Curveball,1.3,4,293,40.1,83,0.189,0.23,0.24,28.1,28.9,20.2,0.183,0.25,0.243,26
"Jones, Jared",683003,PIT,SL,Slider,2.8,8,285,37.5,82,0.165,0.253,0.199,42.2,36.6,27.8,0.191,0.269,0.216,38.8
"Soroka, Michael",647336,CWS,SI,Sinker,-1.3,-3,240,29,82,0.261,0.435,0.372,9.3,9.8,14.3,0.334,0.524,0.42,39.3
"Quintana, Jose",500779,NYM,SI,Sinker,1.1,3,264,33,82,0.25,0.471,0.359,11.8,12.2,18.5,0.319,0.516,0.403,53.3
"Brown, Hunter",686613,HOU,FF,4-Seam Fastball,-2.8,-9,325,43.6,82,0.333,0.6,0.434,24.1,31.7,24.5,0.244,0.369,0.3,44.9
"Gomber, Austin",596295,COL,FF,4-Seam Fastball,-0.1,0,315,39.2,81,0.296,0.507,0.387,11.1,13.6,14.7,0.309,0.539,0.402,53.3
"Winn, Keaton",676775,SF,FS,Split-Finger,-1.1,-3,281,41.7,81,0.239,0.408,0.331,21.7,18.5,14.9,0.288,0.502,0.373,50.9
"Suárez, Ranger",624133,PHI,SI,Sinker,1.3,4,275,33.1,81,0.197,0.289,0.252,11.6,25.9,29.6,0.208,0.284,0.241,30.9
"Flexen, Chris",623167,CWS,FF,4-Seam Fastball,-1.7,-5,288,38.9,81,0.296,0.535,0.403,11,13.6,14.5,0.307,0.593,0.416,49.2
"Gausman, Kevin",592332,TOR,FS,Split-Finger,-0.6,-2,293,37,80,0.216,0.324,0.279,31.6,27.5,15.8,0.244,0.354,0.291,21.2
"Quantrill, Cal",615698,COL,SI,Sinker,-2,-7,346,40.7,80,0.323,0.581,0.456,12.9,16.3,14.6,0.294,0.472,0.41,55.1
"Kikuchi, Yusei",579328,TOR,FF,4-Seam Fastball,0.9,4,378,45.8,79,0.24,0.467,0.304,20.4,25.3,20.6,0.24,0.403,0.288,47.4
"Sandoval, Patrick",663776,LAA,CH,Changeup,0.6,2,276,29.7,79,0.181,0.264,0.26,40.8,32.9,22.2,0.18,0.26,0.234,19.6
"Webb, Logan",657277,SF,SI,Sinker,0.8,3,353,36.2,79,0.269,0.284,0.316,11.1,20.3,21.6,0.283,0.407,0.358,47.1
"Williams, Trevor",592866,WSH,FF,4-Seam Fastball,2.3,6,257,34.7,79,0.225,0.31,0.272,16.4,21.5,18.1,0.232,0.392,0.308,50.9
"Miller, Bryce",682243,SEA,FF,4-Seam Fastball,1.1,4,357,44.4,79,0.176,0.365,0.256,31.2,27.8,21.2,0.219,0.468,0.314,48.1
"Hendricks, Kyle",543294,CHC,CH,Changeup,-2.4,-6,251,45.2,79,0.306,0.514,0.373,25.9,21.5,17.7,0.266,0.429,0.33,23.2
"Hudson, Dakota",641712,COL,SI,Sinker,0.3,1,254,32.7,78,0.265,0.382,0.351,4.5,2.6,3.6,0.331,0.527,0.409,57.6
"Schmidt, Clarke",657376,NYY,FC,Cutter,1.8,5,290,35.5,78,0.264,0.347,0.303,30.5,26.9,24.4,0.25,0.339,0.281,26.9
"Imanaga, Shota",684007,CHC,FS,Split-Finger,1.1,3,248,31.8,78,0.224,0.276,0.256,45.7,35.9,25.9,0.196,0.276,0.215,20.8
"Crawford, Kutter",676710,BOS,FF,4-Seam Fastball,1.9,6,304,33.2,78,0.176,0.191,0.215,20.3,33.3,23.4,0.207,0.32,0.277,43.2
"Irvin, Jake",663623,WSH,FF,4-Seam Fastball,0.6,2,301,37.2,78,0.208,0.319,0.263,24.3,28.2,19.1,0.242,0.436,0.319,44
"Vodnik, Victor",680767,COL,FF,4-Seam Fastball,0.8,2,313,64.5,77,0.299,0.373,0.348,20.8,19.5,15,0.254,0.362,0.322,44.2
"Detmers, Reid",672282,LAA,SL,Slider,-0.1,0,212,23.2,77,0.257,0.4,0.312,35,36.4,24.3,0.204,0.322,0.26,32.6
"Assad, Javier",665871,CHC,SI,Sinker,3.8,9,246,30.8,77,0.145,0.159,0.218,11,23.4,22.8,0.191,0.27,0.25,37.3
"Pfaadt, Brandon",694297,AZ,ST,Sweeper,-1.9,-5,242,29.8,77,0.222,0.444,0.305,37.6,32.5,24.3,0.186,0.333,0.236,22.4
"Berríos, José",621244,TOR,SV,Slurve,-0.8,-2,312,34.1,77,0.192,0.384,0.266,31.8,33.8,22.6,0.23,0.439,0.305,36.2
"Flaherty, Jack",656427,DET,SL,Slider,1.7,5,275,31.8,77,0.216,0.378,0.282,42.1,33.8,27.1,0.179,0.267,0.211,37.5
"Manaea, Sean",640455,NYM,SI,Sinker,2.9,9,322,38.7,76,0.164,0.209,0.23,17.9,17.1,16.3,0.262,0.42,0.331,49.1
"Eovaldi, Nathan",543135,TEX,FF,4-Seam Fastball,1.3,3,232,34.8,76,0.2,0.317,0.323,18.9,19.7,16.5,0.232,0.332,0.338,44.4
"Greene, Hunter",668881,CIN,SL,Slider,-0.6,-2,350,35.1,76,0.222,0.381,0.324,35,18.4,14.3,0.203,0.298,0.29,22
"Boyle, Joe",671212,OAK,FF,4-Seam Fastball,-2.2,-7,319,57.5,76,0.268,0.411,0.399,21.6,15.8,17.1,0.291,0.521,0.425,43.5
"Crawford, Kutter",676710,BOS,FC,Cutter,0.7,2,285,31.1,75,0.269,0.418,0.358,23.4,10.7,14.8,0.262,0.405,0.324,25
"Fried, Max",608331,ATL,FF,4-Seam Fastball,0.7,2,257,31.5,75,0.242,0.355,0.335,20,16,15,0.253,0.392,0.349,26
"Rodriguez, Grayson",680570,BAL,FF,4-Seam Fastball,-0.1,0,285,45.5,74,0.308,0.462,0.377,22.4,18.9,17.1,0.263,0.498,0.368,43.1
"Pfaadt, Brandon",694297,AZ,FF,4-Seam Fastball,1.2,3,279,34.3,74,0.203,0.333,0.261,15.6,13.5,15.4,0.245,0.403,0.304,49.2
"Houck, Tanner",656557,BOS,SI,Sinker,0.1,0,294,30.6,74,0.273,0.333,0.326,13.5,17.6,19.4,0.311,0.489,0.38,49.1
"Sánchez, Cristopher",650911,PHI,CH,Changeup,1.6,4,264,33.1,74,0.174,0.217,0.22,43.7,41.9,27.4,0.159,0.202,0.192,21.1
"Cecconi, Slade",677944,AZ,FF,4-Seam Fastball,-1.2,-3,271,56.5,74,0.277,0.554,0.383,17.8,18.9,20.3,0.238,0.467,0.347,44.2
"Littell, Zack",641793,TB,SL,Slider,3.1,9,277,34.3,74,0.186,0.243,0.218,25.3,21.6,25,0.255,0.398,0.302,24.1
"Weathers, Ryan",677960,MIA,CH,Changeup,-0.2,0,230,24.7,73,0.197,0.408,0.266,38.4,30.1,25.9,0.194,0.382,0.254,36.7
"Waldron, Matt",663362,SD,KN,Knuckleball,-1.3,-4,287,36,72,0.224,0.358,0.281,25.8,34.7,22.1,0.21,0.34,0.267,31
"Montas, Frankie",593423,CIN,FF,4-Seam Fastball,-0.9,-2,222,35.7,72,0.246,0.462,0.351,16.5,20.8,16.1,0.264,0.507,0.362,44
"Parker, Mitchell",680730,WSH,FF,4-Seam Fastball,1.1,3,272,47.6,72,0.215,0.246,0.233,9.2,16.7,15.6,0.247,0.399,0.305,50.9
"Skubal, Tarik",669373,DET,CH,Changeup,1.4,3,223,27.9,71,0.188,0.232,0.215,45.5,38,35.1,0.193,0.281,0.207,23.3
"Ober, Bailey",641927,MIN,FF,4-Seam Fastball,-2.3,-7,292,39.2,71,0.365,0.635,0.446,22.7,21.1,16.1,0.317,0.566,0.422,55.1
"Ureña, José",570632,TEX,SI,Sinker,2.3,5,200,33.8,71,0.222,0.254,0.282,7,7,10.9,0.284,0.387,0.326,50.8
"Dunning, Dane",641540,TEX,SI,Sinker,-1.6,-3,216,35.8,71,0.271,0.508,0.392,14,21.1,22.7,0.317,0.638,0.45,56.8
"Feltner, Ryan",663372,COL,SL,Slider,-0.9,-3,274,34.2,71,0.328,0.469,0.396,23.4,14.1,13.9,0.276,0.457,0.34,38.2
"Rodón, Carlos",607074,NYY,SL,Slider,-0.9,-2,233,24.8,71,0.2,0.354,0.274,42.2,43.7,24.2,0.179,0.29,0.242,32.4
"King, Michael",650633,SD,CH,Changeup,2.7,6,215,23.2,70,0.141,0.156,0.206,42.2,34.3,32,0.172,0.209,0.212,27.5
"Kelly, Michael",547184,OAK,ST,Sweeper,1.1,2,201,54.3,69,0.242,0.323,0.272,20.9,14.5,14.7,0.258,0.379,0.303,20.4
"Houck, Tanner",656557,BOS,FS,Split-Finger,1.1,2,219,22.8,69,0.194,0.224,0.213,26.4,21.7,25,0.226,0.293,0.237,50
"Pepiot, Ryan",686752,TB,FF,4-Seam Fastball,2.5,8,298,51.7,69,0.069,0.155,0.18,40.7,36.2,23.8,0.107,0.235,0.222,41.2
"Bibee, Tanner",676440,CLE,SL,Slider,2,5,267,29.5,69,0.113,0.21,0.213,35.3,36.2,21.4,0.176,0.348,0.268,35.9
"Ragans, Cole",666142,KC,CH,Changeup,1.4,3,236,25.7,69,0.194,0.242,0.243,43.6,31.9,24.7,0.184,0.233,0.233,17.5
"Gilbert, Logan",669302,SEA,SL,Slider,1.1,3,269,29,69,0.19,0.429,0.304,37.7,21.7,20.3,0.225,0.457,0.313,30.6
"Muller, Kyle",666205,OAK,FF,4-Seam Fastball,1.2,3,235,54.5,69,0.227,0.348,0.307,19.7,21.7,19.2,0.243,0.409,0.294,41.2
"Clase, Emmanuel",661403,CLE,FC,Cutter,3,8,267,80.9,68,0.125,0.188,0.187,29.8,27.9,24.7,0.223,0.305,0.248,37
"Sears, JP",676664,OAK,FF,4-Seam Fastball,-1.3,-3,272,30.9,68,0.25,0.607,0.404,24.6,25,15.7,0.234,0.447,0.349,50
"Keller, Mitch",656605,PIT,FF,4-Seam Fastball,0.5,2,317,33.7,68,0.259,0.397,0.346,28.3,26.5,19.6,0.259,0.451,0.372,53.7
"Rea, Colin",607067,MIL,SI,Sinker,-1.6,-4,233,29.5,67,0.35,0.55,0.434,7.1,4.5,6.7,0.361,0.619,0.447,49.1
"Nola, Aaron",605400,PHI,FF,4-Seam Fastball,0.6,1,244,25.4,67,0.13,0.278,0.277,24.1,19.4,15.9,0.209,0.359,0.332,41.5
"Kremer, Dean",665152,BAL,FC,Cutter,1,2,241,29.2,67,0.18,0.262,0.243,25.9,17.9,19.4,0.245,0.411,0.341,37.3
"Kopech, Michael",656629,CWS,FF,4-Seam Fastball,0.8,2,306,77.5,67,0.154,0.327,0.313,31.5,34.3,23.2,0.177,0.354,0.328,44.8
"Paddack, Chris",663978,MIN,CH,Changeup,-1.3,-3,232,28.1,67,0.311,0.557,0.389,22.8,11.9,12.7,0.285,0.557,0.376,33.3
"Stripling, Ross",548389,OAK,SL,Slider,-1.4,-3,229,27.4,66,0.308,0.431,0.327,18.3,12.1,9.3,0.336,0.444,0.342,40.4
"Lynn, Lance",458681,STL,FF,4-Seam Fastball,1.9,6,309,38,66,0.242,0.435,0.327,28.3,25.8,20,0.252,0.454,0.322,46.7
"Sears, JP",676664,OAK,ST,Sweeper,1.8,5,273,31,66,0.141,0.234,0.166,18,18.2,12,0.189,0.353,0.234,32.1
"Gibson, Kyle",502043,STL,SI,Sinker,-0.1,0,236,28,66,0.263,0.421,0.344,12.4,16.7,23.9,0.311,0.462,0.384,53.2
"Rogers, Trevor",669432,MIA,FF,4-Seam Fastball,-1.1,-3,253,32.6,66,0.304,0.571,0.408,26.4,27.3,20.7,0.255,0.571,0.387,53.8
"Arrighetti, Spencer",681293,HOU,FF,4-Seam Fastball,-1.6,-4,265,42.5,66,0.382,0.6,0.458,21.4,10.6,9.2,0.316,0.52,0.407,46.9
"Keller, Mitch",656605,PIT,FC,Cutter,-0.8,-2,208,22.1,65,0.23,0.41,0.287,22.1,20,30.2,0.299,0.48,0.354,49
"Turnbull, Spencer",605513,PHI,FF,4-Seam Fastball,1.1,3,240,36.3,65,0.25,0.339,0.318,15.4,18.5,18.5,0.301,0.482,0.385,45.5
"Kremer, Dean",665152,BAL,FF,4-Seam Fastball,-0.7,-2,284,34.4,65,0.241,0.638,0.402,21.7,26.2,18.3,0.301,0.771,0.459,59.5
"Lugo, Seth",607625,KC,SI,Sinker,1.3,3,208,21.9,65,0.283,0.5,0.378,9.9,13.8,18.4,0.283,0.478,0.342,36.5
"Ross, Joe",605452,MIL,SL,Slider,0.3,1,257,38,65,0.246,0.386,0.328,41.4,18.5,17.1,0.281,0.462,0.367,39.1
"Sale, Chris",519242,ATL,FF,4-Seam Fastball,0.4,1,329,38.1,65,0.283,0.45,0.351,26.5,33.8,19.6,0.267,0.438,0.332,39.5
"Morton, Charlie",450203,ATL,FF,4-Seam Fastball,-1.1,-3,240,32.9,64,0.278,0.537,0.399,19.5,25,18.2,0.252,0.436,0.355,42.1
"Yamamoto, Yoshinobu",808967,LAD,FS,Split-Finger,-0.4,-1,230,27,64,0.183,0.3,0.241,34.9,37.5,20.9,0.22,0.316,0.26,44.4
"Adams, Austin",613534,OAK,SL,Slider,-0.2,-1,246,81.2,64,0.235,0.333,0.337,38.9,31.3,23.3,0.201,0.269,0.298,24.2
"Blanco, Ronel",669854,HOU,CH,Changeup,1.9,5,233,31.4,64,0.143,0.214,0.223,36.3,34.4,28.2,0.162,0.227,0.234,29.4
"Olson, Reese",681857,DET,FF,4-Seam Fastball,1.6,3,210,26.3,64,0.167,0.222,0.231,10.4,15.6,16.1,0.247,0.398,0.332,43.5
"Keller, Mitch",656605,PIT,SI,Sinker,0,0,209,22.2,64,0.283,0.434,0.369,11.1,14.1,19.6,0.237,0.395,0.329,39.1
"López, Reynaldo",625643,ATL,SL,Slider,3.2,7,203,29.6,64,0.129,0.145,0.154,45.2,40.6,31,0.218,0.266,0.226,33.3
"Kikuchi, Yusei",579328,TOR,CU,Curveball,1.9,5,241,29.2,63,0.213,0.262,0.225,25.9,22.2,23.3,0.202,0.271,0.219,38.3
"Bello, Brayan",678394,BOS,SI,Sinker,-0.7,-2,248,39.3,63,0.333,0.579,0.433,13.5,12.7,14,0.311,0.52,0.387,51
"Canning, Griffin",656288,LAA,CH,Changeup,2.1,4,174,22.1,63,0.246,0.386,0.294,27.8,17.5,22,0.274,0.481,0.338,37.5
"Rogers, Trevor",669432,MIA,CH,Changeup,-2.5,-5,211,27.2,63,0.323,0.468,0.376,25.6,22.2,16.5,0.26,0.348,0.269,41.7
"Lodolo, Nick",666157,CIN,FF,4-Seam Fastball,-0.2,-1,265,48.1,62,0.226,0.396,0.343,21,21,14.9,0.251,0.459,0.358,50
"Blanco, Ronel",669854,HOU,SL,Slider,3.2,7,219,29.5,62,0.211,0.211,0.219,27.5,14.5,14.1,0.24,0.345,0.28,36.7
"Blanco, Ronel",669854,HOU,FF,4-Seam Fastball,-0.8,-2,259,34.9,62,0.176,0.431,0.346,21.9,21,23.6,0.213,0.427,0.344,39.5
"King, Michael",650633,SD,FF,4-Seam Fastball,-1.4,-4,260,28.1,62,0.283,0.547,0.402,23.6,22.6,15.2,0.294,0.572,0.413,46.2
"Luzardo, Jesús",666200,MIA,FF,4-Seam Fastball,1,3,268,42,62,0.255,0.418,0.323,12,9.7,8.8,0.32,0.529,0.395,48
"Gallen, Zac",668678,AZ,CU,Curveball,2.7,6,212,26.2,62,0.117,0.183,0.135,42.5,48.4,31.6,0.163,0.214,0.169,35.5
"Stroman, Marcus",573186,NYY,SL,Slider,-0.8,-1,170,17.9,62,0.19,0.328,0.266,31.3,32.3,22.2,0.213,0.38,0.28,36.8
"Stripling, Ross",548389,OAK,FF,4-Seam Fastball,-0.1,0,257,30.8,61,0.2,0.382,0.29,20.7,21.3,15.1,0.224,0.367,0.296,33.3
"Holmes, Clay",605280,NYY,SI,Sinker,-1.3,-3,205,62.1,61,0.321,0.339,0.358,13.6,11.5,15.6,0.282,0.397,0.326,34.7
"Manning, Matt",666159,DET,FF,4-Seam Fastball,-0.5,-1,211,48.2,61,0.327,0.519,0.39,21.3,24.6,22.7,0.306,0.552,0.393,46.2
"Castillo, Luis",622491,SEA,SL,Slider,1,2,240,24.4,61,0.172,0.31,0.218,42.2,39.3,25.5,0.192,0.287,0.221,42.9
"Eflin, Zach",621107,TB,FC,Cutter,1,2,206,24.8,61,0.271,0.441,0.321,17.5,11.5,23.3,0.266,0.47,0.325,43.4
"Grove, Michael",675627,LAD,SL,Slider,2.8,6,214,54.9,61,0.167,0.2,0.159,36.2,39.3,31.6,0.148,0.201,0.156,24.3
"Montgomery, Jordan",656756,AZ,SI,Sinker,-1.5,-3,180,34.9,61,0.321,0.464,0.37,12.4,8.2,11.4,0.317,0.469,0.366,37.3
"Gibson, Kyle",502043,STL,ST,Sweeper,0.9,2,180,21.4,61,0.212,0.288,0.277,43.7,34.4,28.4,0.247,0.359,0.314,34.4
"Pérez, Martín",527048,PIT,CH,Changeup,-4.4,-8,169,21.8,61,0.333,0.579,0.439,26.6,21.3,23.2,0.317,0.566,0.394,36.4
"Kirby, George",669923,SEA,SI,Sinker,3.7,7,196,22.5,61,0.155,0.207,0.203,10,14.8,15.3,0.222,0.32,0.256,30.6
"Jansen, Kenley",445276,BOS,FC,Cutter,1.1,3,243,91,61,0.204,0.224,0.283,28.4,26.2,21.3,0.229,0.366,0.332,42.9
"Elder, Bryce",693821,ATL,SI,Sinker,-1,-2,196,46.6,60,0.365,0.423,0.396,9.1,13.3,25,0.328,0.442,0.382,56.8
"Civale, Aaron",650644,TB,FC,Cutter,0.1,0,253,29.4,60,0.259,0.444,0.371,22,18.3,22.4,0.258,0.408,0.326,37.2
"Brown, Ben",676962,CHC,CU,Curveball,2.8,6,199,36.2,60,0.155,0.224,0.186,49.5,45,32.9,0.162,0.275,0.197,43.8
"Glasnow, Tyler",607192,LAD,SL,Slider,0.1,0,238,25.8,60,0.19,0.345,0.254,38.3,33.3,27.4,0.257,0.398,0.305,36.8
"Hamilton, Ian",641656,NYY,SL,Slider,-1.2,-3,202,54.2,60,0.231,0.308,0.273,39.2,25,17.2,0.246,0.336,0.288,33.3
"Hudson, Dakota",641712,COL,SL,Slider,-1,-2,223,28.7,60,0.327,0.423,0.372,33,23.3,19.7,0.264,0.337,0.314,28.2
"Lugo, Seth",607625,KC,FF,4-Seam Fastball,1.3,3,228,24,60,0.151,0.302,0.25,19.5,25,22.7,0.219,0.507,0.348,42.1
"Beeks, Jalen",656222,COL,FF,4-Seam Fastball,1.2,3,223,60.6,60,0.235,0.333,0.324,13.6,11.7,14,0.227,0.383,0.319,42.2
"Ross, Joe",605452,MIL,SI,Sinker,0.2,0,227,33.5,60,0.255,0.333,0.338,18.9,11.7,15.9,0.255,0.384,0.337,43.2
"Wacha, Michael",608379,KC,FF,4-Seam Fastball,-3.9,-9,224,25.1,59,0.415,0.679,0.489,16.2,13.6,13.8,0.365,0.587,0.432,45.7
"Ashcraft, Graham",668933,CIN,SL,Slider,0.9,3,268,31.5,59,0.127,0.2,0.182,36.8,37.3,22.4,0.171,0.249,0.22,38.2
"Vesia, Alex",681911,LAD,FF,4-Seam Fastball,2.5,5,211,62.2,59,0.109,0.239,0.256,28.3,25.4,21.4,0.145,0.369,0.309,43.8
"Lynn, Lance",458681,STL,FC,Cutter,-0.9,-2,230,28.3,59,0.269,0.385,0.321,28,23.7,20.9,0.233,0.445,0.323,38.5
"Ryan, Joe",657746,MIN,FS,Split-Finger,1.2,3,217,26.1,59,0.19,0.293,0.216,30.6,33.9,21.7,0.188,0.278,0.208,36.8
"Mikolas, Miles",571945,STL,SL,Slider,-3.5,-7,208,24.7,59,0.352,0.611,0.438,11.2,13.6,15.7,0.318,0.471,0.359,34
"Peralta, Freddy",642547,MIL,SL,Slider,0,0,231,28.1,58,0.164,0.364,0.249,41.3,34.5,27.4,0.191,0.382,0.271,22.2
"Matz, Steven",571927,STL,SI,Sinker,0.9,3,296,59.1,58,0.245,0.358,0.315,12.1,12.1,9.5,0.295,0.447,0.351,30.4
"Cronin, Declan",686539,MIA,SL,Slider,0.9,2,197,54.4,58,0.232,0.25,0.263,33.9,31,28.6,0.243,0.349,0.269,44.7
"Vieira, Thyago",600986,MIL,SI,Sinker,0.7,2,235,54.3,58,0.286,0.388,0.345,20.4,13.8,18.6,0.261,0.383,0.33,40.5
"Crawford, Kutter",676710,BOS,ST,Sweeper,1,2,211,23,58,0.222,0.333,0.272,28.8,19,14.3,0.207,0.384,0.282,27.9
"Wicks, Jordan",696136,CHC,FF,4-Seam Fastball,0.1,0,198,45.1,58,0.235,0.392,0.321,20.7,24.1,20.9,0.24,0.418,0.33,40.5
"Alexander, Tyler",641302,TB,FC,Cutter,-1.3,-3,248,33,58,0.218,0.491,0.297,22,19,18,0.258,0.557,0.361,37
"Sandoval, Patrick",663776,LAA,SL,Slider,1.3,3,234,25.2,58,0.241,0.352,0.296,25,20.7,17.9,0.291,0.432,0.331,46.5
"Canning, Griffin",656288,LAA,FF,4-Seam Fastball,-1.6,-4,255,32.4,58,0.245,0.612,0.384,16.2,13.8,10.7,0.291,0.611,0.418,46.5
"Bednar, David",670280,PIT,FF,4-Seam Fastball,-2.6,-5,209,59.5,58,0.314,0.529,0.42,27.1,19,17.2,0.306,0.588,0.41,48.8
"Hancock, Emerson",676106,SEA,FF,4-Seam Fastball,1.3,3,212,37.4,58,0.231,0.327,0.29,22.4,19,17.5,0.322,0.462,0.374,56.1
"Mikolas, Miles",571945,STL,SI,Sinker,1.9,4,198,23.5,58,0.226,0.396,0.303,9.6,13.8,13.6,0.25,0.441,0.328,40
"Skubal, Tarik",669373,DET,SI,Sinker,1.8,3,185,23.2,57,0.204,0.241,0.223,23.1,29.8,28.3,0.183,0.27,0.22,35.1
"Suarez, Robert",663158,SD,FF,4-Seam Fastball,3.6,8,220,79.7,57,0.094,0.113,0.15,26.4,24.6,19.4,0.151,0.293,0.222,35.9
"Ureña, José",570632,TEX,SL,Slider,-1.2,-3,225,38,57,0.235,0.412,0.336,35.2,26.3,22.4,0.196,0.294,0.261,19.4
"Nola, Aaron",605400,PHI,SI,Sinker,1.1,2,208,21.6,57,0.245,0.396,0.305,13,17.5,20,0.283,0.431,0.334,48.8
"Smith, Cade",671922,CLE,FF,4-Seam Fastball,3.7,8,222,64.3,57,0.151,0.245,0.206,26.7,36.8,35.6,0.199,0.29,0.244,50
"Lodolo, Nick",666157,CIN,CU,Curveball,1.6,3,162,29.4,56,0.151,0.189,0.179,49.4,51.8,36.7,0.142,0.208,0.18,16.7
"Jackson, Jay",543351,MIN,SL,Slider,-1.1,-2,219,56.4,56,0.255,0.569,0.375,33.3,23.2,18.3,0.24,0.448,0.327,42.1
"Harrison, Kyle",690986,SF,CH,Changeup,-1.9,-3,162,18.7,56,0.302,0.396,0.327,19.8,12.5,16.7,0.305,0.496,0.36,30.4
"Nelson, Ryne",669194,AZ,FF,4-Seam Fastball,-0.8,-2,280,50.8,56,0.34,0.52,0.406,23.1,28.6,15.7,0.256,0.403,0.326,52.9
"Nardi, Andrew",677053,MIA,FF,4-Seam Fastball,-2.6,-6,214,58.5,56,0.306,0.49,0.402,30,28.6,21.9,0.268,0.427,0.348,51.5
"Gray, Sonny",543243,STL,ST,Sweeper,-0.7,-1,128,18.8,55,0.16,0.22,0.231,45.5,58.2,29.6,0.147,0.255,0.22,27.8
"Fedde, Erick",607200,CWS,FC,Cutter,1.8,4,232,24.7,55,0.2,0.36,0.279,25.7,25.5,25,0.228,0.361,0.292,27.8
"Civale, Aaron",650644,TB,SI,Sinker,-0.4,-1,173,20.1,55,0.22,0.44,0.309,14.8,21.8,29.3,0.275,0.466,0.341,48.7
"Crochet, Garrett",676979,CWS,FC,Cutter,2,4,194,22.5,54,0.264,0.377,0.303,31.3,31.5,34,0.222,0.354,0.255,36.1
"Irvin, Jake",663623,WSH,CU,Curveball,0.7,2,247,30.5,54,0.167,0.259,0.221,21.7,14.8,11.3,0.258,0.404,0.283,41.3
"Kimbrel, Craig",518886,BAL,FF,4-Seam Fastball,-0.4,-1,221,69.1,54,0.19,0.381,0.33,33.7,37,32.8,0.213,0.403,0.344,52.2
"Soroka, Michael",647336,CWS,FF,4-Seam Fastball,-0.2,0,207,25,54,0.214,0.476,0.366,15.3,18.5,16.9,0.225,0.442,0.36,33.3
"Alvarado, José",621237,PHI,SI,Sinker,1,2,201,63.8,54,0.261,0.348,0.318,11.3,9.3,9.8,0.283,0.441,0.357,45.2
"Miller, Bryce",682243,SEA,SI,Sinker,0.7,1,164,20.4,54,0.205,0.273,0.304,10.9,14.8,25.8,0.27,0.48,0.386,54.1
"Hill, Tim",657612,CWS,SI,Sinker,-0.6,-1,169,62.6,54,0.34,0.362,0.375,7.9,5.6,11.1,0.283,0.361,0.333,37.8
"Stripling, Ross",548389,OAK,CH,Changeup,-1.7,-3,163,19.5,53,0.365,0.577,0.414,23.2,13.2,14.3,0.299,0.441,0.314,30.4
"Hendricks, Kyle",543294,CHC,SI,Sinker,-4.7,-9,183,33,53,0.44,0.72,0.508,5.8,7.5,9.3,0.37,0.552,0.412,39.1
"Lorenzen, Michael",547179,TEX,SI,Sinker,-1.5,-2,147,22.1,53,0.283,0.457,0.367,4.8,20.8,23.9,0.316,0.55,0.412,45.7
"Scott, Tanner",656945,MIA,FF,4-Seam Fastball,2.7,6,205,56.8,53,0.083,0.111,0.275,24.2,24.5,20.6,0.112,0.153,0.279,26.9
"Strickland, Hunter",519326,LAA,SL,Slider,4.1,7,180,59.8,53,0.137,0.157,0.169,29.4,30.2,25.8,0.176,0.228,0.195,20
"Lively, Ben",594902,CLE,SI,Sinker,1.8,3,182,29.6,53,0.25,0.385,0.263,19.1,34,26.9,0.233,0.436,0.291,58.8
"Corbin, Patrick",571578,WSH,SL,Slider,-2,-4,217,27.7,53,0.391,0.674,0.476,31.8,15.1,11,0.331,0.526,0.414,45
"Richards, Trevor",670950,TOR,CH,Changeup,0.6,1,234,63.9,53,0.087,0.239,0.212,27.3,28.3,18.8,0.134,0.227,0.222,21.9
"Wacha, Michael",608379,KC,SI,Sinker,0.5,1,138,15.5,52,0.186,0.209,0.27,4.3,9.6,13.9,0.201,0.268,0.276,25.6
"Buttó, José",676130,NYM,FF,4-Seam Fastball,1.6,4,215,33,52,0.178,0.222,0.246,28.6,30.8,24.6,0.2,0.33,0.29,34.5
"Tonkin, Michael",543859,NYY,SI,Sinker,-1.6,-3,208,57.8,52,0.293,0.415,0.394,23.1,17.3,14.3,0.304,0.49,0.401,45.5
"Suárez, Albert",544150,BAL,FF,4-Seam Fastball,0.7,2,225,57.7,52,0.217,0.348,0.281,31.6,26.9,18.9,0.206,0.292,0.257,48.5
"Walker, Ryan",676254,SF,SI,Sinker,0.5,1,207,53.6,52,0.261,0.37,0.34,28.6,28.8,25.4,0.278,0.456,0.357,54.8
"Kikuchi, Yusei",579328,TOR,SL,Slider,0.6,1,152,18.4,52,0.283,0.326,0.319,27.5,26.9,19.4,0.26,0.344,0.312,40.6
"Mears, Nick",683232,COL,FF,4-Seam Fastball,-0.1,0,225,63.2,52,0.262,0.357,0.353,17.5,17.3,18,0.237,0.359,0.34,36.4
"Wood, Alex",622072,OAK,SL,Slider,-1.4,-3,238,31.5,52,0.205,0.25,0.277,28.8,30.8,18.4,0.154,0.259,0.257,25
"Wilson, Bryse",669060,MIL,SI,Sinker,2.4,4,185,31.3,52,0.196,0.304,0.276,19,21.2,26.2,0.29,0.427,0.354,58.8
"Pagán, Emilio",641941,CIN,FF,4-Seam Fastball,0.5,1,180,56.8,52,0.196,0.348,0.286,28.2,30.8,28.1,0.209,0.399,0.308,56.7
"Hader, Josh",623352,HOU,SI,Sinker,-0.9,-2,241,67.5,52,0.289,0.422,0.347,24.2,36.5,21.6,0.202,0.313,0.271,37
"Rogers, Tyler",643511,SF,SI,Sinker,2.3,4,173,59.9,52,0.286,0.367,0.324,12.4,9.6,14.7,0.251,0.331,0.261,32.6
"Lawrence, Justin",664875,COL,SI,Sinker,0,0,188,58.4,51,0.275,0.3,0.338,24.3,13.7,20.6,0.254,0.307,0.324,45.7
"Ober, Bailey",641927,MIN,CH,Changeup,1.5,3,181,24.3,51,0.122,0.327,0.205,33.3,37.3,23.8,0.176,0.315,0.227,33.3
"Thompson, Ryan",657044,AZ,SI,Sinker,2.3,4,177,69.7,51,0.265,0.265,0.262,18.9,15.7,23.5,0.233,0.285,0.245,39
"Eflin, Zach",621107,TB,CU,Curveball,-2.1,-4,163,19.6,51,0.294,0.412,0.308,29.8,29.4,21.1,0.266,0.379,0.277,27.8
"Woods Richardson, Simeon",680573,MIN,FF,4-Seam Fastball,1.2,3,206,40.6,51,0.289,0.333,0.312,18.9,23.5,17.1,0.271,0.563,0.377,55.9
"Abreu, Bryan",650556,HOU,FF,4-Seam Fastball,0.2,0,193,48.3,51,0.209,0.442,0.34,29.3,29.4,34.1,0.239,0.466,0.36,46.4
"Wheeler, Zack",554430,PHI,SI,Sinker,2.6,5,181,18.3,51,0.159,0.182,0.221,18.7,25.5,28.9,0.161,0.188,0.214,33.3
"Smith, Burch",572143,MIA,FF,4-Seam Fastball,2.2,4,189,51.5,51,0.209,0.256,0.269,26.7,31.4,25,0.218,0.344,0.309,42.9
"McKenzie, Triston",663474,CLE,CU,Curveball,0.5,1,191,25,51,0.16,0.24,0.2,34.9,41.2,24.4,0.17,0.227,0.181,31
"Skubal, Tarik",669373,DET,FF,4-Seam Fastball,2.7,6,232,29.1,51,0.146,0.313,0.222,25.4,29.4,19.7,0.207,0.439,0.295,36.4
"Heaney, Andrew",571760,TEX,SL,Slider,-2.3,-4,191,25.2,51,0.354,0.5,0.391,36.3,27.5,20,0.303,0.519,0.369,55.9
"Rodriguez, Grayson",680570,BAL,CH,Changeup,2.8,4,147,23.4,51,0.182,0.295,0.273,34.2,29.4,28.3,0.161,0.287,0.26,37.9
"Díaz, Edwin",621242,NYM,SL,Slider,-0.8,-1,188,58.4,51,0.234,0.468,0.363,36.4,35.3,25.7,0.161,0.276,0.226,24.1
"McFarland, T.J.",519008,OAK,SI,Sinker,2.5,3,138,51.7,51,0.313,0.313,0.292,12.9,15.7,25,0.217,0.245,0.22,39
"Soriano, José",667755,LAA,CU,Curveball,1,2,225,31,51,0.174,0.304,0.252,39.8,47.1,29.6,0.156,0.294,0.24,27.3
"Bello, Brayan",678394,BOS,CH,Changeup,-0.4,-1,215,34.1,50,0.125,0.375,0.261,33.3,24,16.7,0.221,0.441,0.31,33.3
"Koenig, Jared",657649,MIL,SI,Sinker,2.8,5,176,59.9,50,0.244,0.333,0.297,8.5,10,11.4,0.23,0.341,0.289,37.5
"Hall, DL",669084,MIL,FF,4-Seam Fastball,-2.4,-4,163,49.7,50,0.452,0.619,0.491,10.5,8,9.1,0.343,0.553,0.422,43.6
"Fedde, Erick",607200,CWS,ST,Sweeper,0.4,1,220,23.4,50,0.213,0.468,0.309,22.3,16,12.9,0.206,0.446,0.299,28.2
"Miller, Bryce",682243,SEA,FS,Split-Finger,1.7,2,147,18.3,50,0.163,0.224,0.18,28.2,38,20.7,0.219,0.28,0.225,30
"Sears, JP",676664,OAK,CH,Changeup,1.7,3,184,20.9,50,0.271,0.292,0.26,18.7,8,9.1,0.304,0.386,0.307,33.3
"Canning, Griffin",656288,LAA,SL,Slider,-0.9,-2,201,25.5,50,0.279,0.395,0.336,28.8,26,17.6,0.256,0.361,0.311,45.2
"Matz, Steven",571927,STL,CH,Changeup,-6.3,-8,130,25.9,50,0.357,0.595,0.44,26,18,14.8,0.311,0.522,0.401,35.3
"Peguero, Elvis",665625,MIL,SI,Sinker,-0.7,-1,159,46.6,50,0.295,0.318,0.325,16.7,14,17.9,0.319,0.456,0.378,51.4
"King, Michael",650633,SD,SI,Sinker,-1.1,-2,220,23.8,50,0.239,0.587,0.371,14.7,24,21.8,0.26,0.583,0.38,38.2
"Olson, Reese",681857,DET,SI,Sinker,0,0,139,17.4,49,0.362,0.489,0.369,8.8,12.2,19.4,0.288,0.398,0.301,57.1
"Stone, Gavin",694813,LAD,CH,Changeup,0.6,1,188,27.6,49,0.156,0.267,0.198,38.8,26.5,17.6,0.184,0.288,0.221,20.6
"Foley, Jason",671345,DET,SI,Sinker,0.9,2,177,65.3,49,0.262,0.286,0.313,18.1,20.4,27,0.236,0.294,0.291,48.5
"Weems, Jordan",607179,WSH,FF,4-Seam Fastball,-0.4,-1,164,58.2,49,0.2,0.2,0.276,16.7,14.3,15.6,0.237,0.314,0.323,48.5
"Bird, Jake",656234,COL,SI,Sinker,0.1,0,154,43.8,49,0.289,0.368,0.375,11.6,6.1,13,0.293,0.46,0.399,44.4
"López, Pablo",641154,MIN,ST,Sweeper,-1.2,-2,196,21.9,49,0.277,0.511,0.352,35.2,32.7,21.1,0.216,0.328,0.251,31.3
"Faedo, Alex",656412,DET,FF,4-Seam Fastball,-0.7,-1,128,29.6,49,0.238,0.452,0.328,21.4,22.4,22.4,0.237,0.41,0.317,42.4
"Kelly, Kevin",687330,TB,SI,Sinker,0.7,1,161,60.1,49,0.283,0.435,0.333,7.5,14.3,17.5,0.253,0.383,0.299,35.9
"Rea, Colin",607067,MIL,FC,Cutter,1.1,2,184,23.3,49,0.356,0.622,0.44,19,10.2,21.7,0.366,0.587,0.431,45
"Abreu, Bryan",650556,HOU,SL,Slider,-0.5,-1,203,50.7,49,0.25,0.35,0.342,39.5,32.7,26.2,0.196,0.269,0.292,33.3
"Soroka, Michael",647336,CWS,SL,Slider,-0.4,-1,263,31.8,49,0.2,0.467,0.312,32.4,22.4,11.6,0.238,0.4,0.306,44.1
"Pérez, Martín",527048,PIT,FC,Cutter,-1.2,-2,213,27.4,49,0.34,0.638,0.426,19.4,24.5,22.6,0.297,0.593,0.386,60
"Priester, Quinn",682990,PIT,SI,Sinker,0.5,1,140,32.3,49,0.239,0.435,0.326,14.8,8.2,20,0.287,0.504,0.359,54.8
"López, Pablo",641154,MIN,CH,Changeup,-1.7,-3,173,19.3,49,0.283,0.348,0.303,27.1,16.3,16.7,0.248,0.315,0.271,21.1
"Steele, Justin",657006,CHC,FF,4-Seam Fastball,-1.2,-2,184,62,49,0.273,0.568,0.406,19.8,20.4,19.6,0.247,0.409,0.321,58.8
"Keller, Mitch",656605,PIT,ST,Sweeper,0.7,1,131,13.9,49,0.222,0.378,0.292,20.3,20.4,15.4,0.264,0.399,0.319,25.7
"Rainey, Tanner",663432,WSH,FF,4-Seam Fastball,-3.9,-7,179,60.1,49,0.357,0.786,0.527,19.8,10.2,11.6,0.308,0.831,0.503,51.4
"Stripling, Ross",548389,OAK,SI,Sinker,-2.5,-4,144,17.2,49,0.386,0.455,0.455,9.2,8.2,19,0.334,0.42,0.359,26.8
"Hicks, Jordan",663855,SF,FS,Split-Finger,1.3,3,200,23.1,49,0.089,0.133,0.163,38.8,34.7,17.7,0.189,0.326,0.257,17.9
"Stone, Gavin",694813,LAD,SI,Sinker,1.3,2,161,23.6,49,0.279,0.419,0.357,18.3,6.1,9.4,0.28,0.429,0.354,22.5
"Turnbull, Spencer",605513,PHI,ST,Sweeper,2.3,5,207,31.3,48,0.159,0.273,0.227,29.3,29.2,18.7,0.229,0.368,0.291,40
"Akin, Keegan",669211,BAL,FF,4-Seam Fastball,0.6,1,181,57.6,48,0.227,0.409,0.305,24.4,29.2,26.9,0.19,0.333,0.261,46.7
"Harvey, Hunter",640451,WSH,FF,4-Seam Fastball,1.7,4,239,64.1,48,0.238,0.286,0.308,25.8,31.3,17.6,0.252,0.346,0.312,59.3
"Bibee, Tanner",676440,CLE,CH,Changeup,3.3,6,172,19,48,0.159,0.227,0.197,36.1,37.5,28.6,0.196,0.361,0.263,25.9
"Pfaadt, Brandon",694297,AZ,SI,Sinker,-0.9,-1,155,19.1,48,0.289,0.378,0.362,9.2,29.2,31.1,0.257,0.333,0.284,41.9
"Javier, Cristian",664299,HOU,FF,4-Seam Fastball,-0.7,-1,190,38.1,48,0.27,0.595,0.423,27.9,25,25,0.201,0.481,0.378,46.2
"Alexander, Tyler",641302,TB,FF,4-Seam Fastball,-1.5,-3,174,23.2,48,0.238,0.524,0.352,21.3,22.9,15.3,0.211,0.406,0.302,37.5
"Robertson, David",502085,TEX,FC,Cutter,3.2,7,210,55.7,48,0.119,0.143,0.207,35,43.8,34.4,0.171,0.227,0.239,28.6
"Kinley, Tyler",641755,COL,SL,Slider,-1.9,-3,179,52.5,48,0.318,0.568,0.403,41.2,29.2,21.2,0.216,0.335,0.274,30
"Eovaldi, Nathan",543135,TEX,FS,Split-Finger,2.2,5,207,31,48,0.14,0.256,0.213,45.1,39.6,28.8,0.168,0.275,0.252,32
"Fedde, Erick",607200,CWS,CH,Changeup,-1.3,-2,188,20,47,0.205,0.295,0.253,13.8,19.1,14.8,0.205,0.298,0.248,28.6
"Carrasco, Carlos",471911,CLE,CH,Changeup,-1.7,-3,165,22.4,47,0.295,0.523,0.418,26.3,14.9,12.3,0.317,0.555,0.392,45.9
"Gomber, Austin",596295,COL,CH,Changeup,2.8,5,193,24,47,0.156,0.156,0.148,27.8,12.8,14.3,0.231,0.35,0.268,20.5
"Spence, Mitch",687765,OAK,SL,Slider,1,2,182,41,47,0.273,0.409,0.32,31.5,21.3,18.9,0.247,0.383,0.295,44.1
"Carrasco, Carlos",471911,CLE,SL,Slider,0,0,159,21.5,47,0.256,0.372,0.347,27.1,29.8,35,0.22,0.359,0.284,31
"Latz, Jacob",656641,TEX,FF,4-Seam Fastball,-3.8,-6,172,52.8,47,0.25,0.375,0.372,22.8,17,14.5,0.235,0.414,0.338,43.8
"Gil, Luis",661563,NYY,CH,Changeup,2.1,5,225,26.4,47,0.122,0.146,0.193,30.4,34,26.2,0.134,0.162,0.202,16
"Darvish, Yu",506433,SD,FF,4-Seam Fastball,1.7,3,164,22.1,47,0.143,0.286,0.21,14.8,21.3,15.9,0.239,0.396,0.31,58.8
"Uribe, Abner",682842,MIL,SI,Sinker,0.7,1,167,64.7,47,0.282,0.436,0.384,20,10.6,17.2,0.3,0.438,0.384,52.9
"Johnson, Pierce",572955,ATL,CU,Curveball,1.8,3,178,79.1,47,0.244,0.333,0.271,31.1,29.8,23,0.187,0.291,0.225,29
"Parker, Mitchell",680730,WSH,CU,Curveball,1,2,165,28.8,46,0.273,0.386,0.311,25.6,19.6,22.5,0.26,0.42,0.307,48.6
"Marsh, Alec",679525,KC,FF,4-Seam Fastball,1.4,3,211,36.1,46,0.167,0.238,0.221,31.8,34.8,24.6,0.193,0.241,0.233,19.2
"Sánchez, Sixto",664350,MIA,FC,Cutter,-1.9,-3,161,32.7,46,0.364,0.432,0.386,8.8,8.7,9.5,0.309,0.464,0.347,42.5
"Mikolas, Miles",571945,STL,FF,4-Seam Fastball,0.3,1,203,24.1,46,0.286,0.452,0.37,17.6,13,12,0.299,0.555,0.389,63.9
"Yamamoto, Yoshinobu",808967,LAD,CU,Curveball,-0.5,-1,203,23.8,46,0.267,0.489,0.367,33.3,37,29.8,0.233,0.371,0.267,35.7
"Wilson, Bryse",669060,MIL,FC,Cutter,2,4,192,32.4,46,0.175,0.325,0.276,26.9,15.2,29.2,0.25,0.52,0.372,48.5
"King, Michael",650633,SD,ST,Sweeper,-0.9,-2,187,20.2,46,0.25,0.375,0.338,29.9,23.9,20.4,0.257,0.401,0.326,30
"Quintana, Jose",500779,NYM,CU,Curveball,-1,-2,167,20.8,46,0.279,0.395,0.339,22.7,15.2,16.7,0.361,0.589,0.426,41.7
"Cruz, Fernando",518585,CIN,FS,Split-Finger,3.8,6,150,43.7,46,0.071,0.071,0.12,61.2,67.4,35.2,0.099,0.114,0.146,36.4
"Blach, Ty",621389,COL,SI,Sinker,-1.2,-2,158,51,46,0.364,0.409,0.359,7.6,19.6,18,0.335,0.497,0.369,45.7
"Pivetta, Nick",601713,BOS,FF,4-Seam Fastball,0.7,1,181,47,46,0.2,0.422,0.271,20.8,21.7,17.5,0.236,0.533,0.33,40
"Lynn, Lance",458681,STL,SI,Sinker,-0.4,-1,164,20.1,45,0.265,0.529,0.408,13.8,8.9,13.8,0.3,0.535,0.425,25.8
"Jarvis, Bryce",686826,AZ,SL,Slider,-0.4,-1,139,30.3,45,0.244,0.341,0.301,31.6,26.7,23.1,0.218,0.33,0.276,44.8
"Suter, Brent",608718,CIN,FF,4-Seam Fastball,0,0,177,40.6,45,0.293,0.463,0.363,22,26.7,22.2,0.244,0.419,0.311,33.3
"Woods Richardson, Simeon",680573,MIN,SL,Slider,3.1,4,140,27.6,45,0.182,0.227,0.176,20.5,22.2,18.2,0.204,0.263,0.205,25.7
"Law, Derek",571882,WSH,SL,Slider,1.8,2,121,26.7,45,0.209,0.279,0.22,40.3,40,36,0.196,0.265,0.22,38.5
"Wesneski, Hayden",669713,CHC,FF,4-Seam Fastball,2.7,4,142,34.7,45,0.214,0.238,0.234,13.4,11.1,10.6,0.274,0.355,0.302,35.1
"Chavez, Jesse",445926,ATL,FC,Cutter,3.3,6,179,57.9,45,0.175,0.275,0.234,18.7,11.1,10.9,0.218,0.402,0.302,30.6
"Finnegan, Kyle",640448,WSH,FF,4-Seam Fastball,2.4,5,194,66.9,45,0.15,0.25,0.25,17.8,17.8,12.1,0.279,0.446,0.353,31.3
"Leasure, Jordan",673929,CWS,FF,4-Seam Fastball,2.8,5,169,56.5,45,0.189,0.243,0.264,21.5,11.1,11.9,0.205,0.325,0.295,24.2
"Civale, Aaron",650644,TB,ST,Sweeper,0.3,0,141,16.4,45,0.262,0.429,0.328,28.9,17.8,15.7,0.257,0.385,0.293,28.6
"Floro, Dylan",571670,WSH,SI,Sinker,3,5,163,47.4,45,0.22,0.268,0.258,10,17.8,21.6,0.26,0.361,0.307,39.4
"Bender, Anthony",669622,MIA,SI,Sinker,-3.9,-8,204,54,45,0.462,0.615,0.501,16.7,13.3,11.5,0.419,0.672,0.497,45.5
"Webb, Logan",657277,SF,ST,Sweeper,0.6,1,221,22.7,45,0.233,0.302,0.274,22.6,20,11,0.262,0.369,0.289,44.1
"Criswell, Cooper",681867,BOS,CH,Changeup,2.9,5,156,28.5,45,0.205,0.295,0.248,22.5,15.6,11.1,0.222,0.336,0.249,40.5
"Gilbert, Logan",669302,SEA,FC,Cutter,-0.3,0,157,16.9,45,0.244,0.39,0.31,23.8,17.8,25,0.314,0.511,0.385,39.4
"Castillo, Luis",622491,SEA,SI,Sinker,-2.5,-4,149,15.2,44,0.357,0.595,0.429,6.7,6.8,8.8,0.346,0.532,0.391,41
"Irvin, Jake",663623,WSH,SI,Sinker,-3,-4,143,17.7,44,0.333,0.571,0.45,11.4,13.6,17.6,0.366,0.524,0.398,47.2
"Stanek, Ryne",592773,SEA,FF,4-Seam Fastball,-1.9,-3,173,60.3,44,0.342,0.5,0.451,17,11.4,9.1,0.296,0.56,0.407,42.4
"Ashcraft, Graham",668933,CIN,SI,Sinker,-2.3,-4,178,20.9,44,0.3,0.425,0.37,13.1,6.8,8.6,0.258,0.441,0.333,45.9
"Strahm, Matt",621381,PHI,FF,4-Seam Fastball,2.8,4,160,55.9,44,0.14,0.233,0.17,26.8,47.7,26.6,0.196,0.378,0.251,50
"Lee, Dylan",669276,ATL,SL,Slider,0.5,1,149,49.5,44,0.22,0.341,0.277,45.4,34.1,26.3,0.182,0.237,0.202,29.6
"Lambert, Peter",663567,COL,FF,4-Seam Fastball,-2.9,-4,157,35,44,0.333,0.611,0.439,17.4,9.1,12.5,0.286,0.492,0.387,39.4
"Flexen, Chris",623167,CWS,FC,Cutter,-1.1,-2,178,24.1,44,0.25,0.5,0.35,26.1,18.2,20,0.261,0.379,0.313,31.3
"Olson, Reese",681857,DET,SL,Slider,0.6,1,207,26,44,0.135,0.135,0.255,40.4,27.3,21.1,0.241,0.383,0.335,32
"Jiménez, Dany",666204,OAK,SL,Slider,0.4,1,143,57.4,44,0.121,0.273,0.307,34.4,22.7,22.2,0.13,0.189,0.263,20
"Walker, Ryan",676254,SF,SL,Slider,3.8,7,172,44.6,44,0.19,0.19,0.18,33.3,40.9,28.6,0.156,0.187,0.162,8
"Waldron, Matt",663362,SD,FF,4-Seam Fastball,0.7,1,185,23.2,44,0.262,0.476,0.331,23.9,22.7,17.5,0.254,0.462,0.319,46.9
"Ferguson, Caleb",657571,NYY,FF,4-Seam Fastball,0,0,175,61.2,44,0.275,0.575,0.408,17,18.2,14.3,0.297,0.625,0.416,46.9
"Mayza, Tim",641835,TOR,SI,Sinker,-1,-2,188,67.9,44,0.325,0.6,0.403,14.1,20.5,18,0.312,0.565,0.397,46.9
"Yarbrough, Ryan",642232,LAD,CU,Curveball,2.4,4,153,32.6,44,0.093,0.233,0.148,25,22.7,13.3,0.133,0.268,0.179,15.2
"Ginkel, Kevin",656464,AZ,FF,4-Seam Fastball,-0.4,-1,160,49.1,44,0.289,0.5,0.37,19.5,20.5,17.3,0.27,0.51,0.368,53.3
"Funderburk, Kody",681892,MIN,FC,Cutter,0.8,1,185,46.8,44,0.25,0.417,0.357,25,13.6,14.3,0.264,0.429,0.363,37.5
"Rea, Colin",607067,MIL,FF,4-Seam Fastball,0.9,1,141,17.8,44,0.146,0.22,0.194,29.4,31.8,19.4,0.227,0.376,0.286,29.6
"Hudson, Bryan",663542,MIL,FF,4-Seam Fastball,2.5,5,201,51.8,44,0.22,0.341,0.273,23.2,27.3,20,0.205,0.274,0.24,24.1
"Littell, Zack",641793,TB,FS,Split-Finger,-1.4,-2,174,21.5,43,0.302,0.419,0.313,35.1,27.9,13.6,0.219,0.318,0.23,38.7
"Abbott, Andrew",671096,CIN,ST,Sweeper,0.6,1,120,14.6,43,0.238,0.452,0.308,23.3,32.6,20.6,0.176,0.25,0.195,17.9
"Yates, Kirby",489446,TEX,FF,4-Seam Fastball,4.1,7,163,55.4,43,0.132,0.158,0.178,28.2,32.6,29.8,0.18,0.231,0.222,32
"Fried, Max",608331,ATL,SI,Sinker,0.9,1,142,17.4,43,0.263,0.263,0.312,16.2,14,14.3,0.264,0.328,0.308,43.8
"Javier, Cristian",664299,HOU,SL,Slider,0.9,1,152,30.5,43,0.15,0.225,0.208,24.1,18.6,22.2,0.222,0.32,0.255,27.3
"García, Deivi",665620,CWS,FF,4-Seam Fastball,-0.2,0,158,55.8,43,0.278,0.389,0.357,34.7,23.3,25,0.262,0.429,0.359,46.2
"Valdez, Framber",664285,HOU,CU,Curveball,-1.2,-2,168,27.1,43,0.184,0.316,0.253,45.9,53.5,25.8,0.149,0.25,0.217,37.5
"Hoeing, Bryan",663773,MIA,SI,Sinker,2.2,3,149,49.5,43,0.25,0.35,0.334,12.5,14,20,0.338,0.56,0.406,44.1
"Estévez, Carlos",608032,LAA,FF,4-Seam Fastball,-0.3,0,164,66.1,43,0.256,0.442,0.298,25.3,30.2,23.6,0.246,0.434,0.289,46.7
"Schmidt, Clarke",657376,NYY,SI,Sinker,-0.5,-1,183,22.4,43,0.222,0.528,0.382,23.9,23.3,28.6,0.266,0.607,0.418,46.2
"Doval, Camilo",666808,SF,SL,Slider,0.3,0,163,48.5,43,0.189,0.351,0.295,45.1,34.9,25.4,0.166,0.245,0.25,31.8
"Manaea, Sean",640455,NYM,CH,Changeup,-1.6,-2,147,17.7,43,0.333,0.389,0.365,27.6,14,10,0.236,0.344,0.308,22.6
"Wood, Alex",622072,OAK,CH,Changeup,-3.3,-6,169,22.4,43,0.4,0.6,0.459,14.9,2.3,2.9,0.383,0.568,0.427,68.3
"Maeda, Kenta",628317,DET,SL,Slider,-1,-1,119,22.3,43,0.25,0.525,0.351,20.6,20.9,26.5,0.236,0.474,0.326,25.8
"Gore, MacKenzie",669022,WSH,CU,Curveball,-0.3,-1,173,20.4,43,0.256,0.282,0.303,30.8,37.2,21.9,0.23,0.279,0.265,30.4
"Rodríguez, Yerry",666720,TEX,FF,4-Seam Fastball,-1.3,-2,179,60.7,43,0.257,0.457,0.387,18.5,14,10,0.289,0.57,0.425,51.7
"Maeda, Kenta",628317,DET,FS,Split-Finger,-1.9,-3,182,34.1,43,0.2,0.375,0.338,26.1,16.3,9.5,0.291,0.469,0.348,48.5
"Taillon, Jameson",592791,CHC,FF,4-Seam Fastball,0.3,1,193,37.4,43,0.243,0.486,0.384,14.9,11.6,8.8,0.247,0.516,0.373,40.6
"Schmidt, Clarke",657376,NYY,ST,Sweeper,2.3,4,194,23.7,42,0.211,0.316,0.257,29.6,19,20,0.209,0.348,0.281,33.3
"Allen, Logan",671106,CLE,ST,Sweeper,-2.1,-3,150,17.3,42,0.25,0.5,0.37,34.3,31,17.1,0.166,0.311,0.272,34.8
"Assad, Javier",665871,CHC,FC,Cutter,0.7,1,182,22.8,42,0.273,0.455,0.371,17.9,9.5,14.8,0.324,0.572,0.426,41.9
"Muñoz, Andrés",662253,SEA,SL,Slider,1.8,3,153,47.8,42,0.184,0.289,0.273,44.3,33.3,30.4,0.184,0.354,0.271,37.5
"Miller, Shelby",571946,DET,FF,4-Seam Fastball,3.4,5,154,62.3,42,0.147,0.235,0.25,28.4,23.8,29.4,0.2,0.363,0.35,56
"Kittredge, Andrew",552640,STL,SL,Slider,0.1,0,142,52.2,42,0.195,0.366,0.249,46.8,40.5,30.9,0.216,0.359,0.256,41.7
"Waldron, Matt",663362,SD,SI,Sinker,0.2,0,127,15.9,42,0.3,0.425,0.355,7.7,11.9,17.2,0.307,0.516,0.365,31.4
"Spence, Mitch",687765,OAK,FC,Cutter,0.2,0,176,39.6,42,0.25,0.417,0.344,18.3,14.3,20.7,0.25,0.382,0.331,33.3
"Luzardo, Jesús",666200,MIA,SL,Slider,-0.4,-1,201,31.5,42,0.143,0.31,0.188,50,57.1,29.3,0.099,0.228,0.137,27.8
"Rogers, Trevor",669432,MIA,SI,Sinker,-0.7,-1,165,21.3,42,0.314,0.429,0.37,14.3,2.4,3.7,0.417,0.558,0.465,51.4
"Burnes, Corbin",669203,BAL,CU,Curveball,0.1,0,202,21.6,42,0.25,0.375,0.29,35.4,38.1,22.9,0.197,0.384,0.266,20.8
"Cano, Yennier",666974,BAL,CH,Changeup,0.8,1,129,37.8,42,0.184,0.289,0.279,35.2,28.6,20,0.211,0.328,0.277,30.8
"Littell, Zack",641793,TB,SI,Sinker,-1.5,-2,138,17.1,42,0.385,0.615,0.438,16.2,16.7,20.6,0.295,0.481,0.357,40.6
"Carrasco, Carlos",471911,CLE,FF,4-Seam Fastball,-1.8,-3,168,22.8,42,0.297,0.595,0.413,17.6,7.1,11.1,0.314,0.525,0.396,50
"Rogers, Taylor",573124,SF,ST,Sweeper,0.1,0,167,56,42,0.282,0.538,0.371,35.8,19,15.7,0.265,0.433,0.324,19.4
"Stone, Gavin",694813,LAD,FF,4-Seam Fastball,-1.2,-2,159,23.3,42,0.286,0.457,0.382,12,19,19,0.293,0.499,0.396,44.4
"Lange, Alex",656638,DET,CU,Curveball,-0.1,0,204,58.5,42,0.189,0.27,0.28,43.8,31,18.3,0.234,0.285,0.282,41.7
"Boyle, Joe",671212,OAK,SL,Slider,0.2,0,175,31.5,42,0.222,0.278,0.31,30,26.2,19.6,0.192,0.226,0.255,28
"Sauer, Matt",669422,KC,FF,4-Seam Fastball,-3.4,-5,149,45.6,42,0.4,0.633,0.5,9.9,9.5,10.8,0.277,0.509,0.429,48.1
"Brito, Jhony",666745,SD,CH,Changeup,0.9,1,121,36.1,42,0.282,0.359,0.302,19.1,16.7,19.4,0.242,0.391,0.293,21.2
"Detmers, Reid",672282,LAA,CH,Changeup,1.2,2,149,16.3,42,0.256,0.333,0.277,32.1,11.9,14.7,0.258,0.334,0.284,36.1
"Paxton, James",572020,LAD,CU,Curveball,0,0,191,26,41,0.256,0.385,0.32,31.2,14.6,8.8,0.269,0.397,0.308,42.4
"Diekman, Jake",518617,NYM,FF,4-Seam Fastball,-0.1,0,166,59.9,41,0.2,0.333,0.329,30.4,29.3,26.7,0.162,0.198,0.276,25
"Sánchez, Sixto",664350,MIA,CH,Changeup,-0.6,-1,157,31.9,41,0.237,0.237,0.293,19,14.6,10.5,0.236,0.279,0.259,25
"Bradford, Cody",674003,TEX,FF,4-Seam Fastball,3.9,5,132,49.4,41,0.1,0.175,0.132,24,24.4,21.3,0.196,0.352,0.244,43.3
"Megill, Trevor",656730,MIL,FF,4-Seam Fastball,2.4,3,137,68.8,41,0.211,0.289,0.254,21.1,24.4,25.6,0.181,0.318,0.246,39.3
"Mize, Casey",663554,DET,SL,Slider,0.2,0,202,28.3,41,0.278,0.306,0.344,15.6,12.2,7.5,0.296,0.382,0.343,38.7
"Weaver, Luke",596133,NYY,FF,4-Seam Fastball,1.6,3,197,44.1,41,0.162,0.27,0.218,26.8,31.7,18.1,0.189,0.385,0.277,48
"Okert, Steven",595345,MIN,SL,Slider,-0.2,0,166,66.4,41,0.167,0.361,0.279,32.9,36.6,25.9,0.173,0.337,0.273,23.8
"Gray, Sonny",543243,STL,SI,Sinker,1.7,2,106,15.6,41,0.132,0.316,0.245,18.9,41.5,36.2,0.159,0.306,0.232,47.6
"Musgrove, Joe",605397,SD,FF,4-Seam Fastball,-5,-8,159,23.1,41,0.361,0.75,0.495,22.2,24.4,17.9,0.293,0.558,0.402,42.3
"Bernardino, Brennan",657514,BOS,SI,Sinker,4,5,138,47.4,41,0.152,0.182,0.255,20,29.3,26.1,0.222,0.356,0.335,28.6
"Crochet, Garrett",676979,CWS,SL,Slider,-3.4,-6,161,18.7,40,0.25,0.722,0.41,35.5,42.5,23.9,0.151,0.359,0.259,45
"Roupp, Landen",694738,SF,CU,Curveball,0.6,1,140,51.5,40,0.243,0.405,0.309,31.8,27.5,21.6,0.244,0.438,0.32,26.9
"Faedo, Alex",656412,DET,SL,Slider,2.4,5,198,45.8,40,0.139,0.222,0.21,48.4,27.5,17.2,0.2,0.322,0.269,24
"Wentz, Joey",666214,DET,FF,4-Seam Fastball,-0.9,-1,121,37.3,40,0.394,0.576,0.491,16.2,15,14.6,0.303,0.448,0.389,40.7
"Mize, Casey",663554,DET,FS,Split-Finger,0.6,1,144,20.2,40,0.205,0.282,0.224,34.2,27.5,20.8,0.239,0.341,0.261,50
"Blackburn, Paul",621112,OAK,FC,Cutter,0,0,146,19.9,40,0.316,0.421,0.364,27.2,15,30,0.355,0.475,0.375,28.1
"Sánchez, Cristopher",650911,PHI,SL,Slider,0.2,0,139,17.4,40,0.263,0.368,0.296,26.9,22.5,20,0.293,0.422,0.327,31
"France, J.P.",641585,HOU,FF,4-Seam Fastball,-2.8,-4,137,29.4,40,0.375,0.563,0.446,15.1,2.5,4.8,0.373,0.634,0.472,40.6
"Ober, Bailey",641927,MIN,FC,Cutter,1.7,3,171,23,40,0.184,0.316,0.22,15.8,20,14.8,0.209,0.325,0.234,29
"Kerkering, Orion",689147,PHI,ST,Sweeper,0.2,0,151,62.4,40,0.257,0.257,0.279,22.2,20,13.6,0.222,0.286,0.269,25
"Gray, Sonny",543243,STL,FF,4-Seam Fastball,-1.5,-2,161,23.7,40,0.378,0.622,0.45,17.2,2.5,8.3,0.377,0.698,0.473,33.3
"Kolek, Stephen",663568,SD,SI,Sinker,-0.6,-1,163,44.7,40,0.353,0.412,0.393,18.3,12.5,14.7,0.291,0.37,0.35,44.8
"Suárez, Ranger",624133,PHI,CU,Curveball,2.2,4,164,19.7,40,0.128,0.231,0.166,33,32.5,19.7,0.196,0.294,0.221,26.9
"Pearson, Nate",663878,TOR,FF,4-Seam Fastball,-2,-3,146,49.3,40,0.375,0.563,0.446,12.9,12.5,13.9,0.295,0.504,0.412,46.4
"Webb, Jacob",657097,BAL,FF,4-Seam Fastball,-1.1,-2,144,44.7,40,0.226,0.355,0.351,27.7,22.5,20,0.293,0.573,0.44,54.5
"Suarez, José",660761,LAA,CH,Changeup,-2.7,-3,115,22.5,40,0.265,0.5,0.401,35.8,27.5,25.6,0.269,0.521,0.387,43.5
"Buttó, José",676130,NYM,SI,Sinker,2.4,4,149,22.9,40,0.103,0.241,0.296,16.1,5,25,0.216,0.392,0.379,22.2
"Díaz, Alexis",664747,CIN,FF,4-Seam Fastball,-0.8,-2,188,55.8,40,0.222,0.296,0.38,20.3,20,14.3,0.159,0.233,0.342,31.6
"Garcia, Robert",676395,WSH,FF,4-Seam Fastball,-0.9,-1,150,61.2,40,0.324,0.382,0.362,23.9,35,30.4,0.202,0.26,0.266,38.1
"Burnes, Corbin",669203,BAL,SL,Slider,1,2,159,17,40,0.2,0.275,0.208,47.8,37.5,25.4,0.212,0.348,0.239,44
"Cronin, Declan",686539,MIA,SI,Sinker,1.5,2,159,43.9,40,0.29,0.29,0.36,23.9,15,17.1,0.235,0.299,0.337,60
"Cano, Yennier",666974,BAL,SI,Sinker,2.4,4,175,51.3,40,0.25,0.306,0.29,24.5,10,12.1,0.271,0.375,0.321,43.8
"Littell, Zack",641793,TB,FF,4-Seam Fastball,0.4,1,182,22.5,40,0.278,0.444,0.363,24.7,32.5,15.9,0.209,0.35,0.272,45.8
"Gomber, Austin",596295,COL,CU,Curveball,-1.2,-2,150,18.7,40,0.135,0.405,0.261,31.1,27.5,15.9,0.227,0.417,0.287,29.6
"García, Luis",472610,LAA,SI,Sinker,1.8,3,153,49.4,39,0.2,0.343,0.279,18.3,12.8,21.7,0.231,0.347,0.294,36.7
"Gibson, Kyle",502043,STL,FC,Cutter,0,0,177,21,39,0.306,0.472,0.364,21.6,2.6,16.7,0.322,0.585,0.4,41.7
"Díaz, Alexis",664747,CIN,SL,Slider,-0.2,0,149,44.2,39,0.243,0.351,0.304,28.8,23.1,16.7,0.24,0.382,0.287,42.9
"Martinez, Nick",607259,CIN,FC,Cutter,0,0,134,22,39,0.361,0.472,0.363,14.6,7.7,15.8,0.301,0.403,0.307,34.3
"Suárez, Ranger",624133,PHI,CH,Changeup,3.8,6,144,17.3,39,0.103,0.128,0.124,39.5,28.2,21.2,0.192,0.272,0.2,25
"Barlow, Scott",605130,CLE,SL,Slider,1.9,3,163,44.1,39,0.156,0.25,0.255,43.5,30.8,35.3,0.188,0.249,0.249,22.7
"Gaddis, Hunter",683769,CLE,SL,Slider,0.4,0,121,39,39,0.27,0.378,0.303,30.4,25.6,24.4,0.246,0.411,0.301,44.4
"Rodríguez, Yariel",684320,TOR,SL,Slider,-1.4,-1,102,33.8,39,0.273,0.515,0.39,33.3,25.6,20,0.27,0.532,0.394,39.1
"Vieira, Thyago",600986,MIL,SL,Slider,-3.3,-6,169,39,39,0.303,0.758,0.479,33.3,28.2,19,0.325,0.744,0.485,45.5
"Contreras, Roansy",672710,PIT,FF,4-Seam Fastball,-3,-4,131,50.8,39,0.361,0.5,0.4,21.4,20.5,26.7,0.312,0.489,0.369,50
"Blackburn, Paul",621112,OAK,CH,Changeup,2.5,4,140,19.1,39,0.162,0.189,0.183,31.7,15.4,20,0.267,0.384,0.301,38.7
"McArthur, James",663704,KC,CU,Curveball,-2.5,-3,115,36.1,39,0.297,0.514,0.364,38.6,38.5,25.9,0.252,0.45,0.318,54.5
"Little, Luke",681432,CHC,FF,4-Seam Fastball,0.4,1,158,76.3,39,0.233,0.4,0.351,25,20.5,21.1,0.238,0.404,0.355,47.8
"Severino, Luis",622663,NYM,SI,Sinker,0.9,1,137,16.1,39,0.222,0.444,0.313,15.3,7.7,13.6,0.277,0.516,0.363,30.3
"Darvish, Yu",506433,SD,SL,Slider,2,4,180,24.3,38,0.176,0.206,0.207,28.1,26.3,19.6,0.189,0.24,0.223,28
"Lorenzen, Michael",547179,TEX,FF,4-Seam Fastball,1.4,2,174,26.2,38,0.103,0.241,0.257,19.8,26.3,16.4,0.127,0.223,0.264,45
"Anderson, Tyler",542881,LAA,FC,Cutter,-0.2,0,155,18.4,38,0.167,0.417,0.266,23.7,13.2,11.6,0.274,0.588,0.38,38.7
"Suárez, Ranger",624133,PHI,FF,4-Seam Fastball,2.2,3,160,19.2,38,0.147,0.176,0.225,21,28.9,22.4,0.193,0.278,0.254,34.8
"Helsley, Ryan",664854,STL,SL,Slider,2.5,3,126,45.8,38,0.162,0.189,0.17,51.3,44.7,33.3,0.133,0.149,0.138,15
"Gomber, Austin",596295,COL,SL,Slider,1.9,3,143,17.8,38,0.257,0.457,0.334,20.8,18.4,15.2,0.229,0.399,0.299,32.1
"Garrett, Reed",657585,NYM,FS,Split-Finger,3.8,4,92,23.4,38,0.143,0.143,0.155,61.5,65.8,38.5,0.09,0.109,0.119,9.1
"Heaney, Andrew",571760,TEX,CH,Changeup,1.6,2,106,14,38,0.297,0.378,0.288,18.2,7.9,8.3,0.291,0.404,0.315,34.3
"Glasnow, Tyler",607192,LAD,CU,Curveball,1.7,3,157,17,38,0.105,0.158,0.113,47.6,60.5,27.4,0.128,0.167,0.128,46.7
"Allen, Logan",671106,CLE,CH,Changeup,1.5,2,142,16.4,38,0.167,0.306,0.25,24.3,18.4,13.5,0.221,0.327,0.258,41.4
"Civale, Aaron",650644,TB,CU,Curveball,-0.3,0,154,17.9,38,0.257,0.4,0.316,28.8,39.5,21.1,0.241,0.332,0.283,45
"Law, Derek",571882,WSH,FC,Cutter,0.2,0,173,38.2,38,0.273,0.333,0.347,29.3,13.2,14.7,0.28,0.37,0.336,32.1
"Irvin, Cole",608344,BAL,SI,Sinker,2.5,3,112,18.6,38,0.212,0.364,0.305,8.9,13.2,17.2,0.22,0.327,0.295,28.6
"Hudson, Dakota",641712,COL,FF,4-Seam Fastball,-2.8,-4,134,17.3,38,0.241,0.483,0.399,8,5.3,8,0.291,0.504,0.424,44.4
"Pepiot, Ryan",686752,TB,SL,Slider,1,2,156,27.1,38,0.27,0.405,0.303,29.1,23.7,22.5,0.261,0.429,0.304,39.3
"Montgomery, Jordan",656756,AZ,CU,Curveball,1.6,2,153,29.7,38,0.171,0.257,0.225,19.3,15.8,10,0.253,0.324,0.285,27.6
"Scott, Christian",681035,NYM,FF,4-Seam Fastball,-1.6,-2,124,46.1,38,0.353,0.441,0.392,31.9,26.3,27.8,0.265,0.405,0.319,60
"Funderburk, Kody",681892,MIN,SL,Slider,-3.5,-4,125,31.6,38,0.313,0.469,0.376,36.7,36.8,22.2,0.223,0.36,0.308,52.6
"Vest, Will",676684,DET,FF,4-Seam Fastball,2.6,4,149,49.5,38,0.133,0.2,0.235,21.1,13.2,13.2,0.243,0.424,0.345,42.9
"Falter, Bailey",663559,PIT,SI,Sinker,2.2,2,95,13.9,38,0.171,0.429,0.284,16.7,10.5,17.4,0.33,0.767,0.476,71
"Muller, Kyle",666205,OAK,SL,Slider,-0.7,-1,108,25.1,38,0.257,0.4,0.297,21,21.1,18.2,0.26,0.425,0.315,42.9
"Molina, Anthony",683627,COL,FF,4-Seam Fastball,-3.7,-6,152,51.5,38,0.364,0.576,0.443,13.3,15.8,14,0.377,0.611,0.458,63
"Slaten, Justin",686580,BOS,FC,Cutter,3.8,6,150,40.5,38,0.189,0.216,0.193,27.8,21.1,42.1,0.246,0.334,0.262,44.8
"Schmidt, Clarke",657376,NYY,CU,Curveball,1,1,142,17.4,38,0.152,0.242,0.245,34.9,42.1,19,0.176,0.284,0.266,33.3
"Weaver, Luke",596133,NYY,FC,Cutter,1.5,2,132,29.5,38,0.156,0.344,0.304,12.7,13.2,17.9,0.254,0.432,0.345,37.9
"De Los Santos, Enyel",660853,SD,FF,4-Seam Fastball,3,4,138,47.4,38,0.171,0.4,0.274,25,23.7,18.4,0.181,0.424,0.287,53.8
"Minter, A.J.",621345,ATL,FF,4-Seam Fastball,2.1,3,143,53.8,38,0.206,0.382,0.297,22.7,10.5,12.1,0.246,0.519,0.36,40
"Tate, Dillon",622253,BAL,SI,Sinker,1.9,2,121,64.4,37,0.219,0.344,0.304,3.5,5.4,9.5,0.275,0.474,0.371,53.3
"Wilson, Steven",621051,CWS,ST,Sweeper,1.2,2,154,46.7,37,0.129,0.355,0.285,37.5,27,25.6,0.182,0.361,0.287,18.2
"Ortiz, Luis L.",682847,PIT,SI,Sinker,1.2,1,128,33.9,37,0.226,0.323,0.312,8.5,0,0,0.261,0.436,0.362,48.4
"Bello, Brayan",678394,BOS,SL,Slider,-1.6,-3,168,26.6,37,0.2,0.371,0.315,30,29.7,19.3,0.236,0.358,0.278,33.3
"Henry, Tommy",674072,AZ,CU,Curveball,0.7,1,126,24.4,37,0.235,0.382,0.324,13.3,27,20,0.246,0.376,0.302,29.2
"Ryan, Joe",657746,MIN,ST,Sweeper,-2.5,-3,118,14.2,37,0.243,0.486,0.307,33.8,35.1,25,0.151,0.238,0.165,25
"Musgrove, Joe",605397,SD,FC,Cutter,-0.2,0,138,20.1,37,0.382,0.529,0.422,22.5,10.8,23.5,0.38,0.522,0.414,30
"Knack, Landon",689017,LAD,FF,4-Seam Fastball,0.5,1,128,43.1,37,0.242,0.545,0.369,24.2,24.3,31,0.189,0.419,0.3,62.5
"Milner, Hoby",571948,MIL,SI,Sinker,0.5,1,125,35.9,37,0.278,0.389,0.29,6.7,10.8,16.7,0.325,0.457,0.337,30.3
"Moore, Matt",519043,LAA,FF,4-Seam Fastball,1.3,2,164,53.2,37,0.219,0.313,0.295,14.6,13.5,14.3,0.246,0.459,0.352,33.3
"Manning, Matt",666159,DET,ST,Sweeper,2,3,148,33.8,37,0.161,0.258,0.246,29.2,10.8,12.5,0.222,0.316,0.302,21.4
"Miller, Erik",669062,SF,FF,4-Seam Fastball,-0.9,-2,185,45.3,37,0.214,0.536,0.405,30.1,32.4,21.4,0.187,0.389,0.355,56.3
"Arrighetti, Spencer",681293,HOU,CU,Curveball,-0.3,0,124,19.9,37,0.182,0.303,0.242,34,51.4,42.2,0.176,0.297,0.239,20
"Fleming, Josh",676596,PIT,SI,Sinker,-7.7,-11,143,41.2,37,0.419,0.677,0.557,25.4,16.2,18.2,0.349,0.531,0.43,36
"Miller, Mason",695243,OAK,FF,4-Seam Fastball,2.3,4,171,58.6,37,0.152,0.242,0.226,47.4,51.4,35.2,0.13,0.188,0.198,21.4
"Stratton, Hunter",676702,PIT,FC,Cutter,-2.6,-3,128,38.7,37,0.324,0.588,0.412,26.8,18.9,22.6,0.284,0.486,0.357,29.6
"Nelson, Ryne",669194,AZ,FC,Cutter,-1.4,-2,122,22.1,37,0.378,0.595,0.441,12.2,10.8,13.3,0.316,0.401,0.309,30.3
"Luzardo, Jesús",666200,MIA,CH,Changeup,-1,-1,126,19.7,37,0.233,0.4,0.367,47.1,29.7,27.5,0.245,0.391,0.342,35
"Martinez, Nick",607259,CIN,CH,Changeup,0.3,0,125,20.6,37,0.189,0.27,0.2,39.4,32.4,21.1,0.16,0.224,0.165,20
"Shuster, Jared",694363,CWS,FF,4-Seam Fastball,2.7,3,118,41.8,37,0.2,0.229,0.249,16.9,21.6,23.5,0.202,0.284,0.237,25.9
"Hjelle, Sean",663546,SF,SI,Sinker,3.1,4,124,53.9,37,0.314,0.314,0.294,10.3,8.1,16.7,0.317,0.438,0.335,42.4
"Scott, Tanner",656945,MIA,SL,Slider,-0.9,-1,156,43.2,37,0.242,0.364,0.333,36.6,21.6,17.4,0.235,0.402,0.309,34.6
"Buttó, José",676130,NYM,CH,Changeup,-1.7,-2,117,18,37,0.182,0.424,0.3,35.5,35.1,23.2,0.258,0.465,0.347,60
"Miller, Erik",669062,SF,CH,Changeup,2.8,4,154,37.7,37,0.118,0.206,0.184,37.9,27,18.5,0.205,0.342,0.27,41.7
"Blackburn, Paul",621112,OAK,FF,4-Seam Fastball,-1.3,-2,162,22.1,37,0.233,0.7,0.441,18,13.5,10,0.279,0.75,0.478,68
"Williams, Trevor",592866,WSH,CH,Changeup,-0.3,0,137,18.5,36,0.257,0.286,0.279,19.4,19.4,16.3,0.282,0.368,0.292,35.7
"Ross, Joe",605452,MIL,FF,4-Seam Fastball,-2.9,-3,116,17.1,36,0.286,0.514,0.35,28.8,38.9,25.9,0.237,0.474,0.31,52.4
"McGough, Scott",543518,AZ,FF,4-Seam Fastball,-7,-9,126,46,36,0.429,0.857,0.575,23.2,16.7,20,0.337,0.718,0.495,63.6
"Jiménez, Joe",641729,ATL,SL,Slider,1.8,2,141,48.5,36,0.147,0.176,0.199,34.9,33.3,22.2,0.168,0.247,0.207,22.7
"Rogers, Tyler",643511,SF,SL,Slider,-2,-2,115,39.8,36,0.229,0.486,0.336,22.6,27.8,21.3,0.223,0.401,0.273,24
"Peguero, Elvis",665625,MIL,SL,Slider,-1.1,-2,181,53.1,36,0.286,0.429,0.318,35.7,36.1,22,0.223,0.273,0.229,36.4
"Scott, Tayler",605463,HOU,SL,Slider,1.4,2,119,28.5,36,0.152,0.242,0.214,33.9,30.6,28.2,0.193,0.311,0.257,45.5
"Wesneski, Hayden",669713,CHC,ST,Sweeper,2.2,3,156,38.1,36,0.171,0.257,0.199,40.6,50,31,0.176,0.229,0.191,23.5
"Slaten, Justin",686580,BOS,ST,Sweeper,0.8,1,109,29.5,36,0.281,0.344,0.283,33.8,25,26.5,0.26,0.362,0.326,28
"Weathers, Ryan",677960,MIA,SI,Sinker,0.3,0,97,10.4,36,0.188,0.375,0.314,4,2.8,11.1,0.288,0.499,0.373,41.9
"Carrasco, Carlos",471911,CLE,SI,Sinker,-4.1,-6,147,19.9,36,0.321,0.714,0.49,10,8.3,10,0.32,0.641,0.469,44
"Alexander, Tyler",641302,TB,ST,Sweeper,2,3,133,17.7,36,0.278,0.417,0.3,13.9,13.9,8.3,0.327,0.524,0.365,32.3
"Hudson, Daniel",543339,LAD,FF,4-Seam Fastball,1.1,2,168,51.4,36,0.25,0.444,0.296,26.9,22.2,13.8,0.264,0.446,0.301,60.7
"Alzolay, Adbert",640470,CHC,SL,Slider,-1.2,-2,156,47.4,36,0.273,0.545,0.4,27.5,22.2,12.3,0.31,0.478,0.366,40
"Robertson, David",502085,TEX,CU,Curveball,2,2,116,30.8,36,0.152,0.242,0.214,26,22.2,18.6,0.283,0.438,0.341,36
"McArthur, James",663704,KC,SI,Sinker,3.5,4,121,37.9,36,0.265,0.412,0.323,15.7,16.7,33.3,0.25,0.418,0.308,39.3
"Helsley, Ryan",664854,STL,FF,4-Seam Fastball,2.1,3,130,47.3,36,0.235,0.324,0.25,19.2,13.9,15.2,0.18,0.254,0.197,36.7
"Liberatore, Matthew",669461,STL,SI,Sinker,-6.1,-5,85,19.9,36,0.367,0.633,0.472,12.8,16.7,20,0.293,0.551,0.413,58.3
"Lugo, Seth",607625,KC,CU,Curveball,3.4,5,142,15,36,0.111,0.167,0.144,37.1,44.4,36.4,0.166,0.277,0.189,30
"Olson, Reese",681857,DET,CH,Changeup,1.5,3,190,23.8,36,0.147,0.147,0.144,47.1,36.1,16.7,0.203,0.252,0.208,45.5
"Winn, Keaton",676775,SF,SI,Sinker,-3.6,-5,133,19.7,36,0.4,0.667,0.484,8.2,8.3,14.3,0.382,0.594,0.465,59.3
"Winn, Keaton",676775,SF,FF,4-Seam Fastball,-1.1,-2,165,24.5,35,0.133,0.3,0.234,29.4,31.4,19.3,0.145,0.278,0.232,35
"Jarvis, Bryce",686826,AZ,FF,4-Seam Fastball,1.3,2,133,29,35,0.231,0.231,0.334,11.3,11.4,7.5,0.276,0.331,0.376,50
"Lugo, Seth",607625,KC,SL,Slider,3,3,113,11.9,35,0.176,0.324,0.226,31.1,14.3,17.9,0.226,0.374,0.267,55.2
"Hicks, Jordan",663855,SF,ST,Sweeper,0,0,174,20.1,35,0.129,0.29,0.311,34.9,31.4,16.7,0.129,0.22,0.211,30
"Poche, Colin",621363,TB,FF,4-Seam Fastball,0.3,0,107,75.4,35,0.258,0.452,0.329,12.7,11.4,18.2,0.307,0.553,0.381,42.9
"Baumann, Mike",657508,BAL,FF,4-Seam Fastball,-2.7,-4,133,42.6,35,0.333,0.633,0.476,19.7,11.4,10.8,0.271,0.466,0.368,53.8
"Winckowski, Josh",670174,BOS,SI,Sinker,-3.1,-4,128,30.8,35,0.29,0.484,0.39,27.3,28.6,37,0.28,0.609,0.401,50
"Winckowski, Josh",670174,BOS,FC,Cutter,0.7,1,140,33.7,35,0.286,0.464,0.358,17.1,2.9,4,0.334,0.541,0.416,50
"Abbott, Andrew",671096,CIN,CH,Changeup,2.1,3,140,17,35,0.118,0.235,0.164,32.3,17.1,26.1,0.126,0.262,0.177,21.4
"Avila, Pedro",658648,CLE,FF,4-Seam Fastball,-1.9,-2,131,37.3,35,0.231,0.462,0.381,23,20,23.3,0.337,0.583,0.448,57.1
"Allen, Logan",671106,CLE,FC,Cutter,2,3,160,18.4,35,0.235,0.382,0.277,23.8,22.9,22.9,0.249,0.395,0.285,53.8
"Lively, Ben",594902,CLE,FF,4-Seam Fastball,-0.1,0,171,27.8,35,0.25,0.536,0.415,19.7,11.4,18.2,0.3,0.505,0.416,58.3
"Lambert, Peter",663567,COL,SL,Slider,-1.2,-1,112,24.9,35,0.29,0.355,0.321,22.4,20,28,0.274,0.409,0.329,36
"Wilson, Steven",621051,CWS,FF,4-Seam Fastball,-0.4,-1,126,38.2,35,0.185,0.407,0.351,16.1,22.9,20,0.211,0.434,0.369,31.6
"Brebbia, John",605154,CWS,SL,Slider,-3.8,-5,133,55.6,35,0.344,0.531,0.43,28.4,20,15.2,0.342,0.578,0.417,36
"Bender, Anthony",669622,MIA,ST,Sweeper,2.5,4,152,40.2,35,0.212,0.303,0.25,32.4,37.1,19.1,0.216,0.287,0.245,30
"Cabrera, Edward",665795,MIA,CH,Changeup,-2.9,-5,153,37,35,0.267,0.533,0.414,30.6,25.7,25.7,0.272,0.59,0.41,28.6
"Weathers, Ryan",677960,MIA,ST,Sweeper,0.1,0,195,20.9,35,0.111,0.185,0.257,56.6,40,25.9,0.136,0.181,0.265,15.4
"Hudson, Bryan",663542,MIL,ST,Sweeper,1.6,2,107,27.6,35,0.067,0.133,0.171,40.9,45.7,31.4,0.108,0.128,0.187,35.7
"Paddack, Chris",663978,MIN,CU,Curveball,-1.8,-2,110,13.3,35,0.294,0.353,0.323,13.7,8.6,6.7,0.3,0.48,0.343,41.9
"Bielak, Brandon",656232,OAK,CH,Changeup,0.6,1,121,34.4,35,0.294,0.471,0.339,20,14.3,16.1,0.311,0.434,0.328,37.9
"Soto, Gregory",642397,PHI,SI,Sinker,0.4,1,135,51.3,35,0.321,0.393,0.351,8.6,5.7,7.4,0.333,0.586,0.438,53.6
"Ortiz, Luis L.",682847,PIT,SL,Slider,0.4,1,137,36.2,35,0.161,0.226,0.214,29,34.3,28.6,0.139,0.182,0.194,19
"Kirby, George",669923,SEA,SL,Slider,-1.1,-2,168,19.3,35,0.343,0.571,0.417,21.9,14.3,19.2,0.27,0.525,0.335,33.3
"Fernandez, Ryan",681676,STL,SL,Slider,2.7,4,149,43.2,35,0.121,0.242,0.184,42.9,48.6,28.3,0.159,0.228,0.198,18.8
"Leclerc, José",600917,TEX,SL,Slider,1,1,143,36.1,35,0.25,0.344,0.284,45.6,42.9,23.8,0.194,0.29,0.237,22.2
"Berríos, José",621244,TOR,CH,Changeup,0,0,118,12.9,35,0.156,0.469,0.293,25,17.1,16.7,0.221,0.374,0.29,53.8
"Corbin, Patrick",571578,WSH,FC,Cutter,0.7,1,129,16.5,35,0.242,0.333,0.236,21.1,22.9,17.4,0.292,0.408,0.302,48.1
"Myers, Tobias",668964,MIL,FF,4-Seam Fastball,-0.7,-1,106,36.2,34,0.207,0.621,0.391,15.8,20.6,17.5,0.232,0.636,0.408,45.5
"Smyly, Drew",592767,CHC,CU,Curveball,1.9,2,129,61.7,34,0.188,0.344,0.261,25.8,23.5,20,0.18,0.284,0.229,25
"Smith, Will",519293,KC,FF,4-Seam Fastball,-3.5,-3,86,36.1,34,0.31,0.552,0.386,10.9,5.9,10,0.352,0.612,0.428,37.9
"Jiménez, Joe",641729,ATL,FF,4-Seam Fastball,1.6,2,141,48.5,34,0.2,0.2,0.241,24.6,17.6,16.7,0.175,0.211,0.227,37.5
"Bradish, Kyle",680694,BAL,SI,Sinker,4.3,5,113,43.6,34,0.143,0.143,0.229,16.7,38.2,25,0.063,0.071,0.172,6.7
"Kremer, Dean",665152,BAL,SI,Sinker,-1.1,-1,106,12.8,34,0.207,0.345,0.331,7.9,38.2,35.1,0.22,0.344,0.31,37.5
"Irvin, Cole",608344,BAL,FF,4-Seam Fastball,0.4,1,164,27.2,34,0.25,0.5,0.338,19.5,20.6,15.6,0.296,0.63,0.406,60
"Romero, JoJo",668941,STL,SL,Slider,5.7,7,117,31.9,34,0,0,0.041,41.2,47.1,30.2,0.116,0.137,0.146,12.5
"Severino, Luis",622663,NYM,ST,Sweeper,-0.3,0,111,13,34,0.133,0.233,0.233,37.2,32.4,22,0.174,0.337,0.259,30
"Sandoval, Patrick",663776,LAA,FF,4-Seam Fastball,-4,-6,153,16.5,34,0.467,0.567,0.484,13.6,14.7,15.2,0.31,0.515,0.392,52
"Quintana, Jose",500779,NYM,CH,Changeup,-0.8,-1,150,18.7,34,0.25,0.281,0.263,33.9,23.5,13.6,0.239,0.292,0.258,33.3
"Santana, Dennis",642701,NYY,SI,Sinker,0.3,0,98,36.3,34,0.214,0.25,0.308,4.8,5.9,16.7,0.308,0.413,0.371,51.9
"Javier, Cristian",664299,HOU,CH,Changeup,1.1,1,138,27.7,34,0.133,0.267,0.231,30.8,17.6,16.7,0.199,0.374,0.296,16.7
"Gil, Luis",661563,NYY,SL,Slider,0.7,1,146,17.1,34,0.161,0.355,0.257,32.3,26.5,20.9,0.23,0.403,0.306,36.4
"González, Victor",624647,NYY,SI,Sinker,0.9,1,121,52.6,34,0.214,0.357,0.325,19.6,8.8,15,0.281,0.479,0.389,60
"Peralta, Wandy",593974,SD,SI,Sinker,2.7,3,122,41.9,34,0.2,0.2,0.241,10.2,14.7,23.8,0.305,0.418,0.36,68
"Bassitt, Chris",605135,TOR,FC,Cutter,-0.9,-1,151,17.5,34,0.179,0.393,0.3,23.1,35.3,19,0.234,0.442,0.348,35.3
"Flaherty, Jack",656427,DET,CU,Curveball,1.3,2,160,18.5,34,0.206,0.235,0.196,44.7,47.1,28.1,0.246,0.286,0.23,38.9
"Meyer, Max",676974,MIA,SL,Slider,2.6,3,124,49,34,0.182,0.424,0.263,45.6,35.3,29.3,0.175,0.324,0.227,38.1
"Leiter, Jack",683004,TEX,FF,4-Seam Fastball,-10.5,-11,105,50.2,34,0.393,0.893,0.588,28.1,14.7,14.3,0.327,0.738,0.487,60.9
"Quintana, Jose",500779,NYM,FF,4-Seam Fastball,-1.1,-2,192,24,34,0.323,0.484,0.359,16,14.7,8.2,0.274,0.467,0.353,51.9
"Avila, Pedro",658648,CLE,CH,Changeup,-2.4,-2,87,24.8,34,0.242,0.364,0.289,38.9,38.2,29.5,0.317,0.487,0.344,42.9
"Puk, A.J.",640462,MIA,FF,4-Seam Fastball,-0.6,-1,125,34.4,34,0.167,0.208,0.322,22.8,14.7,10.9,0.16,0.209,0.319,21.1
"Leclerc, José",600917,TEX,FF,4-Seam Fastball,0,0,140,35.4,34,0.16,0.44,0.377,27,20.6,16.7,0.27,0.627,0.463,61.1
"Devenski, Chris",606965,TB,CH,Changeup,-0.5,-1,132,47.1,34,0.188,0.281,0.285,29.1,20.6,14.9,0.182,0.354,0.254,32
"Ottavino, Adam",493603,NYM,SI,Sinker,1.2,1,115,39.7,34,0.172,0.172,0.235,15.4,35.3,29.3,0.175,0.258,0.263,41.2
"Yarbrough, Ryan",642232,LAD,SI,Sinker,2.1,2,98,20.9,34,0.226,0.355,0.277,9.8,8.8,21.4,0.29,0.443,0.336,41.4
"Wilson, Bryse",669060,MIL,FF,4-Seam Fastball,-2.9,-3,96,16.2,34,0.267,0.467,0.359,19.1,23.5,14,0.288,0.433,0.357,45.5
"Pepiot, Ryan",686752,TB,CH,Changeup,-4.5,-5,113,19.6,33,0.281,0.594,0.377,21.1,21.2,17.9,0.295,0.535,0.363,44
"Liberatore, Matthew",669461,STL,SL,Slider,3.4,4,109,25.5,33,0.129,0.194,0.173,41.7,27.3,23.7,0.217,0.313,0.255,45.5
"Leiter Jr., Mark",643410,CHC,FS,Split-Finger,4,4,99,33.3,33,0.032,0.032,0.097,63.3,57.6,35.2,0.078,0.09,0.111,25
"Miller, Mason",695243,OAK,SL,Slider,3.7,4,119,40.8,33,0.063,0.063,0.103,46.9,57.6,35.8,0.053,0.078,0.076,15.4
"Stratton, Hunter",676702,PIT,FF,4-Seam Fastball,0.9,1,116,35,33,0.167,0.167,0.184,29.5,33.3,21.2,0.132,0.208,0.18,25
"Lorenzen, Michael",547179,TEX,CH,Changeup,3.5,4,124,18.6,33,0.1,0.133,0.156,37.3,24.2,19.5,0.211,0.29,0.261,40.9
"Armstrong, Shawn",542888,TB,FF,4-Seam Fastball,1.3,1,119,33.5,33,0.143,0.179,0.226,39.1,42.4,28.6,0.166,0.209,0.243,42.9
"Kinley, Tyler",641755,COL,FF,4-Seam Fastball,-3.6,-5,143,41.9,33,0.346,0.615,0.471,13.1,0,0,0.454,0.833,0.578,50
"Jackson, Luke",592426,SF,SL,Slider,0.6,1,148,67.9,33,0.3,0.367,0.33,24.1,24.2,15.1,0.285,0.401,0.331,36.4
"Blackburn, Paul",621112,OAK,SL,Slider,0,0,127,17.3,33,0.129,0.258,0.223,28.8,24.2,16,0.207,0.364,0.268,21.7
"Lively, Ben",594902,CLE,ST,Sweeper,1.1,1,130,21.1,33,0.25,0.406,0.294,27.3,24.2,20,0.23,0.341,0.259,25
"Gaddis, Hunter",683769,CLE,FF,4-Seam Fastball,2,3,135,43.5,33,0.172,0.31,0.265,21.1,18.2,19.4,0.25,0.385,0.323,39.1
"Rogers, Taylor",573124,SF,SI,Sinker,0.3,0,131,44,33,0.148,0.296,0.28,22.9,39.4,34.2,0.219,0.404,0.341,42.9
"Alexander, Tyler",641302,TB,CH,Changeup,-3.3,-4,116,15.4,33,0.3,0.5,0.408,14.3,15.2,11.9,0.3,0.511,0.358,42.3
"Herrin, Tim",682120,CLE,CU,Curveball,0.9,1,136,43.6,33,0.129,0.161,0.183,39.7,42.4,25.9,0.179,0.239,0.231,35.3
"Sims, Lucas",608371,CIN,FF,4-Seam Fastball,-1.5,-2,100,39.4,33,0.192,0.615,0.406,27.3,30.3,28.6,0.155,0.468,0.35,37.5
"White, Mitch",669952,MIL,FF,4-Seam Fastball,-1.4,-2,152,39.8,33,0.259,0.481,0.352,14.5,9.1,7.3,0.26,0.417,0.331,42.3
"Armstrong, Shawn",542888,TB,SI,Sinker,0.5,1,113,31.8,33,0.433,0.5,0.439,10.7,15.2,16.1,0.344,0.407,0.361,36
"Faucher, Calvin",676534,MIA,FC,Cutter,3.3,4,123,42,33,0.194,0.258,0.213,20.6,18.2,17.1,0.25,0.293,0.251,26.9
"Castillo, Luis",622491,SEA,CH,Changeup,-0.2,0,138,14.1,33,0.25,0.438,0.332,30.6,15.2,9.6,0.287,0.417,0.314,33.3
"Hancock, Emerson",676106,SEA,SI,Sinker,-3.7,-5,141,24.9,33,0.379,0.69,0.511,15,6.1,7.7,0.353,0.707,0.477,63
"Hancock, Emerson",676106,SEA,CH,Changeup,-3,-3,114,20.1,33,0.194,0.355,0.267,21.4,15.2,10.2,0.259,0.426,0.321,40.7
"Fried, Max",608331,ATL,CU,Curveball,-1.6,-3,156,19.1,33,0.194,0.387,0.273,31.1,27.3,18.4,0.244,0.451,0.318,31.8
"Irvin, Cole",608344,BAL,CU,Curveball,0.9,2,169,28,33,0.29,0.355,0.309,17.5,18.2,14,0.272,0.406,0.315,20
"Criswell, Cooper",681867,BOS,ST,Sweeper,-2.8,-4,150,27.4,33,0.3,0.533,0.441,24.1,27.3,14.8,0.299,0.488,0.369,23.8
"Fulmer, Carson",608334,LAA,CH,Changeup,3,3,103,31.9,33,0.138,0.172,0.232,32.1,24.2,17,0.197,0.233,0.248,23.8
"De Los Santos, Enyel",660853,SD,SL,Slider,-1,-1,148,50.9,32,0.226,0.516,0.322,44.3,43.8,28,0.193,0.429,0.274,47.1
"Montero, Rafael",606160,HOU,CH,Changeup,-0.2,0,108,29.9,32,0.226,0.419,0.286,11.1,9.4,7.5,0.303,0.447,0.333,25
"Keller, Brad",641745,CWS,SL,Slider,-0.7,-1,123,37.7,32,0.267,0.633,0.45,22.6,18.8,18.2,0.262,0.527,0.355,45.8
"Arrighetti, Spencer",681293,HOU,FC,Cutter,0.3,0,126,20.2,32,0.25,0.393,0.33,26.9,15.6,20,0.273,0.451,0.356,47.8
"Sánchez, Sixto",664350,MIA,FF,4-Seam Fastball,-0.6,-1,149,30.3,32,0.261,0.435,0.439,9.4,15.6,10.9,0.232,0.372,0.381,72.2
"Anderson, Nick",623433,KC,SI,Sinker,-0.7,-1,88,32.7,32,0.286,0.464,0.369,20.8,18.8,20,0.302,0.451,0.37,27.3
"Jax, Griffin",643377,MIN,ST,Sweeper,2,3,140,44.3,32,0.241,0.241,0.241,36.1,40.6,22.4,0.214,0.246,0.228,29.4
"Thompson, Zack",668868,STL,FF,4-Seam Fastball,-2.3,-3,114,36,32,0.346,0.654,0.461,21.2,25,24.2,0.301,0.56,0.428,61.1
"Martinez, Nick",607259,CIN,SI,Sinker,-1.9,-2,94,15.5,32,0.333,0.5,0.38,9.6,9.4,18.8,0.38,0.505,0.405,25.9
"Varland, Louie",686973,MIN,FC,Cutter,-9.5,-10,101,28.5,32,0.44,0.88,0.588,16.3,15.6,13.9,0.356,0.648,0.483,60
"Chafin, Andrew",605177,DET,SL,Slider,0.4,0,118,48.4,32,0.143,0.143,0.2,41.9,40.6,25,0.181,0.269,0.256,13.3
"Matzek, Tyler",554431,ATL,FF,4-Seam Fastball,-4.3,-5,120,67,32,0.414,0.793,0.528,12.9,15.6,19.2,0.379,0.786,0.508,58.3
"Lawrence, Justin",664875,COL,ST,Sweeper,-2.4,-3,134,41.6,32,0.276,0.345,0.313,28.8,37.5,20.3,0.303,0.435,0.353,35.3
"Darvish, Yu",506433,SD,SI,Sinker,2.1,2,106,14.3,32,0.29,0.387,0.336,16.4,12.5,12.9,0.309,0.429,0.328,51.9
"Hudson, Daniel",543339,LAD,SL,Slider,-0.4,0,128,39.1,32,0.161,0.387,0.27,42.2,43.8,25.5,0.155,0.315,0.214,58.8
"Gore, MacKenzie",669022,WSH,SL,Slider,1.6,2,118,13.9,32,0.214,0.357,0.28,35,28.1,19.1,0.247,0.366,0.328,35
"Fleming, Josh",676596,PIT,CH,Changeup,-1.7,-2,101,29.1,32,0.2,0.267,0.291,15.1,9.4,7.9,0.261,0.347,0.291,29.6
"Sandlin, Nick",680704,CLE,SL,Slider,1.5,2,145,42,32,0.179,0.321,0.252,42.2,28.1,19.6,0.218,0.359,0.285,50
"Anderson, Chase",502624,BOS,CH,Changeup,-0.3,0,113,30.8,32,0.207,0.276,0.256,30.2,12.5,12.9,0.232,0.376,0.299,28
"Leiter Jr., Mark",643410,CHC,SI,Sinker,4.4,4,100,33.7,31,0.222,0.222,0.265,12,9.7,17.6,0.296,0.432,0.363,33.3
"Montas, Frankie",593423,CIN,SI,Sinker,4.7,5,102,16.4,31,0.148,0.148,0.235,12.3,12.9,15.4,0.206,0.287,0.275,43.5
"Manaea, Sean",640455,NYM,FF,4-Seam Fastball,-0.9,-1,115,13.8,31,0.259,0.37,0.329,25.9,29,21.4,0.288,0.441,0.361,44.4
"Walker, Taijuan",592836,PHI,FC,Cutter,-1.9,-2,104,32,31,0.286,0.536,0.382,27.5,16.1,25,0.271,0.532,0.372,47.8
"Francis, Bowden",670102,TOR,FF,4-Seam Fastball,-4.5,-5,120,48.2,31,0.37,0.741,0.498,21.9,22.6,19.4,0.392,0.773,0.517,65
"Martinez, Nick",607259,CIN,FF,4-Seam Fastball,-1,-1,121,19.9,31,0.179,0.286,0.282,16.4,16.1,8.5,0.231,0.289,0.251,29.2
"Iglesias, Raisel",628452,ATL,CH,Changeup,1.8,2,109,38.4,31,0.179,0.179,0.197,33.3,25.8,22.9,0.215,0.261,0.24,42.9
"Neris, Héctor",593576,CHC,FS,Split-Finger,1.7,2,128,40.6,31,0.179,0.179,0.213,38.3,29,23.1,0.157,0.189,0.204,10.5
"Mantiply, Joe",573009,AZ,SI,Sinker,2.9,3,108,41.4,31,0.267,0.4,0.3,17.3,16.1,21.7,0.289,0.483,0.341,60
"Maldonado, Anthony",687424,MIA,SL,Slider,0.6,1,120,66.7,31,0.3,0.433,0.331,38.7,19.4,20,0.257,0.459,0.316,29.2
"López, Jorge",605347,NYM,SI,Sinker,1.4,2,146,40.7,31,0.269,0.308,0.327,17.3,6.5,11.8,0.325,0.524,0.417,37.5
"Detmers, Reid",672282,LAA,CU,Curveball,-4.2,-6,134,14.6,31,0.333,0.633,0.418,17.4,25.8,25,0.25,0.374,0.281,36.4
"Assad, Javier",665871,CHC,FF,4-Seam Fastball,0.9,2,183,22.9,31,0.31,0.414,0.318,20.7,29,15.5,0.274,0.429,0.305,42.9
"Thielbar, Caleb",573204,MIN,FF,4-Seam Fastball,-3.7,-3,81,41.8,31,0.423,0.5,0.41,18.9,22.6,21.2,0.274,0.391,0.341,28.6
"Peralta, Wandy",593974,SD,CH,Changeup,0.5,1,117,40.2,31,0.138,0.345,0.268,21.3,6.5,6.7,0.23,0.476,0.333,28.6
"Bradley, Taj",671737,TB,FF,4-Seam Fastball,-2.7,-3,108,40.3,31,0.3,0.7,0.424,29.3,29,29,0.363,0.847,0.512,57.1
"Vásquez, Randy",681190,SD,FF,4-Seam Fastball,0.4,1,151,35.4,31,0.296,0.444,0.369,21.5,19.4,11.8,0.36,0.6,0.447,52.4
"Reid-Foley, Sean",656887,NYM,FF,4-Seam Fastball,0.4,1,145,70.4,31,0.174,0.261,0.326,25.9,29,20.9,0.194,0.268,0.309,46.7
"Dunning, Dane",641540,TEX,SL,Slider,1.5,2,156,25.8,31,0.133,0.167,0.15,40.5,38.7,25,0.17,0.238,0.192,44.4
"Lambert, Peter",663567,COL,CH,Changeup,0.1,0,111,24.7,31,0.269,0.308,0.282,45.8,29,27.3,0.189,0.23,0.228,26.3
"Feltner, Ryan",663372,COL,CH,Changeup,-0.6,-1,129,16.1,31,0.379,0.448,0.365,38,35.5,24.4,0.213,0.289,0.236,26.3
"Sale, Chris",519242,ATL,CH,Changeup,1.1,1,114,13.2,30,0.143,0.179,0.178,28.1,23.3,19.4,0.231,0.402,0.297,38.1
"Brown, Hunter",686613,HOU,FS,Split-Finger,-0.5,-1,97,13,30,0.182,0.182,0.307,41,20,15,0.202,0.24,0.328,18.8
"Martinez, Seth",661527,HOU,FF,4-Seam Fastball,4.1,5,123,29.8,30,0.16,0.2,0.248,19.6,13.3,12.1,0.23,0.38,0.333,42.9
"Musgrove, Joe",605397,SD,CU,Curveball,-0.4,-1,137,19.9,30,0.241,0.483,0.318,27.9,26.7,13.3,0.29,0.621,0.392,52.4
"Harvey, Hunter",640451,WSH,FS,Split-Finger,1.1,1,92,24.7,30,0.207,0.379,0.263,33.9,26.7,20,0.258,0.343,0.273,33.3
"White, Mitch",669952,MIL,ST,Sweeper,-2.5,-2,79,20.7,30,0.276,0.345,0.287,21.3,26.7,28.6,0.262,0.426,0.305,28.6
"Marsh, Alec",679525,KC,SI,Sinker,-3.6,-3,80,13.7,30,0.423,0.654,0.527,4.7,0,0,0.47,0.851,0.578,50
"Neris, Héctor",593576,CHC,FF,4-Seam Fastball,0.4,0,140,44.4,30,0.28,0.48,0.387,13.6,20,18.8,0.316,0.597,0.438,52.6
"Barlow, Scott",605130,CLE,CU,Curveball,1.3,1,91,24.6,30,0.107,0.214,0.173,44.2,53.3,28.6,0.142,0.252,0.203,16.7
"Pallante, Andre",669467,STL,FF,4-Seam Fastball,-1.8,-2,109,58.3,30,0.286,0.321,0.34,15.4,6.7,8.3,0.31,0.471,0.361,57.7
"Adam, Jason",592094,TB,FF,4-Seam Fastball,2.2,3,130,41,30,0.208,0.333,0.312,19.7,6.7,5.1,0.293,0.506,0.392,47.8
"Farmer, Buck",571656,CIN,SI,Sinker,1.7,1,85,23.6,30,0.259,0.37,0.315,19.6,3.3,8.3,0.328,0.528,0.401,23.1
"Taillon, Jameson",592791,CHC,CU,Curveball,0.8,1,95,18.4,30,0.267,0.433,0.3,22.7,16.7,12.2,0.278,0.451,0.311,44
"Cimber, Adam",643256,LAA,SI,Sinker,2.7,3,100,34.5,30,0.24,0.36,0.321,13.3,13.3,28.6,0.311,0.483,0.389,45.5
"Almonte, Yency",622075,CHC,SI,Sinker,0,0,100,37.5,30,0.238,0.286,0.378,14.6,13.3,25,0.262,0.354,0.377,27.8
"Sandoval, Patrick",663776,LAA,SI,Sinker,-3.5,-5,154,16.6,30,0.407,0.556,0.478,15.7,16.7,19.2,0.361,0.474,0.394,45.5
"Zerpa, Angel",672582,KC,SI,Sinker,3.6,4,112,37.8,30,0.179,0.179,0.197,17.8,46.7,37.8,0.138,0.174,0.174,57.1
"Irvin, Jake",663623,WSH,FC,Cutter,-0.2,0,107,13.2,30,0.321,0.571,0.4,24.6,6.7,8,0.281,0.568,0.377,46.2
"Weaver, Luke",596133,NYY,CH,Changeup,1.9,2,112,25.1,30,0.103,0.172,0.167,51.8,43.3,25,0.179,0.214,0.188,37.5
"Martinez, Seth",661527,HOU,SI,Sinker,0.7,1,88,21.3,30,0.192,0.231,0.285,17.8,13.3,18.2,0.219,0.305,0.288,59.1
"Varland, Louie",686973,MIN,FF,4-Seam Fastball,-2.6,-4,136,38.4,30,0.333,0.704,0.492,13.3,23.3,23.3,0.34,0.689,0.459,45
"Ginkel, Kevin",656464,AZ,SL,Slider,-2,-3,128,39.3,29,0.286,0.464,0.333,32.2,24.1,15.6,0.242,0.318,0.258,28.6
"Voth, Austin",608723,SEA,FC,Cutter,-0.5,0,97,35.3,29,0.286,0.5,0.347,29.8,13.8,16,0.272,0.434,0.314,29.2
"Flexen, Chris",623167,CWS,CH,Changeup,-1.7,-2,110,14.9,29,0.231,0.385,0.284,26,24.1,18.9,0.187,0.401,0.276,20
"Richards, Trevor",670950,TOR,FF,4-Seam Fastball,2.2,3,132,36.1,29,0.167,0.333,0.271,16.9,27.6,20,0.236,0.546,0.388,52.9
"Henry, Tommy",674072,AZ,CH,Changeup,-3.2,-3,92,17.8,29,0.32,0.48,0.424,29.4,13.8,11.4,0.349,0.547,0.425,57.1
"Miller, Tyson",668338,CHC,ST,Sweeper,1.2,1,75,36.2,29,0.138,0.276,0.236,30,24.1,25.9,0.189,0.293,0.205,27.3
"Matsui, Yuki",673513,SD,FS,Split-Finger,1,1,100,35.2,29,0.16,0.2,0.209,39.2,20.7,17.6,0.239,0.344,0.303,45
"Hader, Josh",623352,HOU,SL,Slider,2.7,3,108,30.3,29,0.077,0.192,0.172,52.5,37.9,35.5,0.161,0.327,0.257,40
"Gibson, Kyle",502043,STL,FF,4-Seam Fastball,-1.6,-2,113,13.4,29,0.2,0.56,0.377,6.9,10.3,20,0.314,0.715,0.468,45.5
"Holton, Tyler",663947,DET,SI,Sinker,-0.5,0,64,21.8,29,0.08,0.32,0.234,10.7,24.1,38.9,0.198,0.409,0.317,38.9
"Matsui, Yuki",673513,SD,FF,4-Seam Fastball,-0.6,-1,102,35.9,29,0.35,0.4,0.398,12,3.4,5.9,0.292,0.371,0.371,42.9
"Cabrera, Génesis",650893,TOR,FC,Cutter,3.7,4,116,41.3,29,0.154,0.192,0.24,36.4,24.1,14.6,0.239,0.33,0.292,26.3
"Taillon, Jameson",592791,CHC,FC,Cutter,1.4,2,126,24.4,29,0.24,0.28,0.28,19.6,24.1,30.4,0.183,0.221,0.232,42.1
"Montas, Frankie",593423,CIN,FS,Split-Finger,-1.7,-2,132,21.2,29,0.296,0.519,0.384,36.7,10.3,6.7,0.246,0.362,0.293,29.2
"Henry, Tommy",674072,AZ,FF,4-Seam Fastball,-0.4,-1,146,28.3,29,0.24,0.52,0.347,17.4,24.1,13,0.259,0.594,0.402,47.4
"Domínguez, Seranthony",622554,PHI,FF,4-Seam Fastball,1.6,2,147,47.4,29,0.2,0.2,0.252,25.8,24.1,14.9,0.221,0.269,0.281,16.7
"Saucedo, Tayler",642048,SEA,SI,Sinker,4.8,4,89,43.8,29,0.148,0.148,0.172,21.6,27.6,42.1,0.211,0.255,0.237,36.8
"Lorenzen, Michael",547179,TEX,SL,Slider,-4.9,-6,125,18.8,29,0.4,0.8,0.533,20.8,0,0,0.355,0.616,0.453,40
"Tonkin, Michael",543859,NYY,SL,Slider,0.3,0,134,37.2,29,0.143,0.179,0.167,35.8,31,15,0.167,0.2,0.16,45
"McKenzie, Triston",663474,CLE,SL,Slider,2.2,4,163,21.4,29,0.107,0.107,0.117,35.9,24.1,20,0.106,0.129,0.122,14.3
"Milner, Hoby",571948,MIL,ST,Sweeper,2.8,4,127,36.5,29,0.16,0.2,0.198,28.9,37.9,29.7,0.172,0.228,0.212,37.5
"Barnes, Matt",598264,WSH,FF,4-Seam Fastball,0.9,1,93,39.2,29,0.259,0.333,0.29,18.8,17.2,17.9,0.304,0.546,0.384,54.5
"Harrison, Kyle",690986,SF,SV,Slurve,0.9,1,135,15.6,28,0.222,0.481,0.309,30.6,28.6,27.6,0.273,0.539,0.353,42.1
"Henry, Tommy",674072,AZ,SI,Sinker,-2.6,-3,111,21.5,28,0.44,0.72,0.55,8.9,3.6,9.1,0.332,0.557,0.411,58.3
"Paddack, Chris",663978,MIN,SL,Slider,-0.4,-1,140,17,28,0.231,0.462,0.321,29.2,17.9,15.6,0.219,0.455,0.312,38.1
"Rogers, Trevor",669432,MIA,SL,Slider,-3.3,-5,146,18.8,28,0.269,0.538,0.396,30,14.3,14.8,0.259,0.399,0.31,31.8
"Suarez, José",660761,LAA,ST,Sweeper,1.4,1,97,18.9,28,0.185,0.259,0.211,34.7,32.1,19.6,0.212,0.261,0.223,27.8
"Fulmer, Carson",608334,LAA,SI,Sinker,-2.6,-3,118,36.5,28,0.238,0.381,0.373,9.8,10.7,14.3,0.245,0.522,0.414,38.9
"Cisnero, José",542585,LAA,FF,4-Seam Fastball,-4.1,-4,94,33.3,28,0.333,0.762,0.493,29.1,35.7,21.3,0.272,0.641,0.452,41.7
"Stroman, Marcus",573186,NYY,FC,Cutter,2.3,3,148,15.6,28,0.185,0.481,0.289,28.4,25,21.2,0.249,0.509,0.332,25
"Burdi, Nick",595897,NYY,FF,4-Seam Fastball,3,3,107,61.1,28,0.05,0.05,0.264,26.7,28.6,23.5,0.05,0.088,0.241,33.3
"Martinez, Seth",661527,HOU,ST,Sweeper,-1,-1,134,32.4,28,0.296,0.667,0.413,29.4,14.3,10,0.268,0.474,0.327,26.1
"Leasure, Jordan",673929,CWS,SL,Slider,-1,-1,87,29.1,28,0.269,0.423,0.327,34,28.6,25.8,0.261,0.43,0.324,44.4
"Bielak, Brandon",656232,OAK,SI,Sinker,-5,-4,90,25.6,28,0.308,0.577,0.413,15.2,3.6,9.1,0.257,0.506,0.349,32
"Sandlin, Nick",680704,CLE,FF,4-Seam Fastball,1.7,1,90,26.1,28,0.136,0.182,0.243,22.2,21.4,18.8,0.181,0.339,0.307,35.3
"Beede, Tyler",595881,CLE,FS,Split-Finger,-2.8,-3,105,39.6,28,0.292,0.458,0.377,37,28.6,20,0.231,0.406,0.33,43.8
"Hoffman, Jeff",656546,PHI,FF,4-Seam Fastball,2.4,3,124,41.1,28,0.167,0.292,0.266,32.8,32.1,27.3,0.193,0.362,0.299,40
"Pinto, Ricardo",620982,PHI,SI,Sinker,-0.7,-1,98,44.5,28,0.286,0.429,0.413,15.6,10.7,16.7,0.249,0.33,0.361,36.8
"Ryan, Ryder",656924,PIT,SI,Sinker,-3.3,-3,103,46.4,28,0.304,0.435,0.376,18,14.3,25,0.352,0.611,0.436,50
"Taillon, Jameson",592791,CHC,ST,Sweeper,2.8,2,78,15.1,28,0.185,0.185,0.193,22.6,17.9,13.2,0.193,0.247,0.214,21.7
"Wicks, Jordan",696136,CHC,CH,Changeup,3.7,4,115,26.2,28,0.148,0.259,0.223,50.7,35.7,24.4,0.133,0.241,0.177,23.5
"Thompson, Keegan",624522,CHC,FF,4-Seam Fastball,-2.4,-3,104,44.6,28,0.24,0.64,0.429,33.3,25,22.6,0.26,0.666,0.416,44.4
"Priester, Quinn",682990,PIT,SL,Slider,-6.5,-5,81,18.7,28,0.333,0.704,0.477,19.6,14.3,11.8,0.278,0.522,0.35,52.2
"Holderman, Colin",670059,PIT,ST,Sweeper,3,3,117,52.5,28,0.08,0.12,0.159,35.8,42.9,26.1,0.089,0.162,0.149,14.3
"Booser, Cam",592155,BOS,FF,4-Seam Fastball,3.4,3,88,39.1,28,0.179,0.357,0.225,35.6,42.9,37.5,0.181,0.323,0.212,43.8
"Rodriguez, Grayson",680570,BAL,SL,Slider,0.2,0,98,15.6,28,0.25,0.536,0.327,36.4,35.7,35.7,0.294,0.538,0.351,55.6
"Fernandez, Ryan",681676,STL,SI,Sinker,-0.5,-1,119,34.5,28,0.36,0.4,0.377,20.8,21.4,17.6,0.311,0.44,0.365,42.1
"Fried, Max",608331,ATL,CH,Changeup,1.6,2,118,14.4,28,0.107,0.143,0.109,25,14.3,12.1,0.239,0.37,0.26,25
"Gallegos, Giovanny",606149,STL,SL,Slider,-2.5,-3,127,58.8,28,0.308,0.577,0.396,41.8,32.1,18.4,0.245,0.415,0.31,35.3
"Jackson, Jay",543351,MIN,FF,4-Seam Fastball,-0.7,-1,98,25.3,28,0.24,0.28,0.28,16.7,28.6,25.8,0.227,0.298,0.278,52.9
"Waldron, Matt",663362,SD,ST,Sweeper,-0.6,-1,145,18.2,28,0.227,0.5,0.427,17.1,10.7,8.8,0.186,0.394,0.334,25
"Bassitt, Chris",605135,TOR,CU,Curveball,0,0,117,13.5,28,0.167,0.208,0.241,32.7,25,22.6,0.188,0.279,0.27,29.4
"Morejon, Adrian",670970,SD,FF,4-Seam Fastball,-1,-1,87,32,28,0.32,0.44,0.345,34,42.9,34.3,0.276,0.38,0.304,42.9
"Ragans, Cole",666142,KC,SL,Slider,-7.9,-7,92,10,28,0.333,0.519,0.379,25.5,35.7,20.4,0.292,0.434,0.326,23.5
"Corbin, Patrick",571578,WSH,FF,4-Seam Fastball,-0.5,0,96,12.3,28,0.308,0.5,0.404,14.6,7.1,13.3,0.316,0.497,0.372,41.7
"Schreiber, John",670167,KC,SI,Sinker,4.6,4,83,24.4,28,0.192,0.231,0.265,12.2,14.3,23.5,0.277,0.421,0.329,40.9
"Alcala, Jorge",660896,MIN,SL,Slider,-2.4,-2,101,55.2,28,0.333,0.417,0.382,30.2,17.9,13.5,0.305,0.441,0.373,10.5
"Payamps, Joel",606303,MIL,SL,Slider,-2.4,-2,86,33.9,28,0.261,0.478,0.404,19.4,17.9,20.8,0.271,0.47,0.368,36.8
"Lugo, Seth",607625,KC,SV,Slurve,-0.2,0,105,11.1,27,0.296,0.37,0.304,39.6,29.6,32,0.236,0.31,0.236,26.3
"Hjelle, Sean",663546,SF,CU,Curveball,-1.1,-1,75,32.6,27,0.192,0.462,0.287,45,48.1,32.5,0.165,0.323,0.224,61.5
"Valdez, Framber",664285,HOU,CH,Changeup,-5.1,-5,95,15.3,27,0.385,0.577,0.426,30.8,18.5,16.7,0.282,0.366,0.296,42.9
"Swanson, Erik",657024,TOR,FF,4-Seam Fastball,2.1,2,94,50,27,0.269,0.308,0.306,11.9,14.8,26.7,0.373,0.483,0.382,68.2
"Montero, Rafael",606160,HOU,SI,Sinker,4.3,3,71,19.7,27,0.095,0.095,0.222,5.6,18.5,21.7,0.15,0.195,0.272,25
"Cabrera, Génesis",650893,TOR,FF,4-Seam Fastball,-4.6,-3,67,23.8,27,0.348,0.652,0.465,14.6,14.8,14.3,0.218,0.34,0.306,63.2
"Whitlock, Garrett",676477,BOS,CH,Changeup,1.6,1,91,28.3,27,0.174,0.217,0.242,20.4,14.8,12.5,0.281,0.403,0.342,30
"Pressly, Ryan",519151,HOU,SL,Slider,-1.4,-1,101,31,27,0.292,0.375,0.344,36.5,22.2,22.2,0.208,0.286,0.257,47.4
"Vest, Will",676684,DET,SL,Slider,-6.9,-5,74,24.6,27,0.37,0.519,0.387,28.2,18.5,16.7,0.338,0.41,0.324,27.3
"Kolek, Stephen",663568,SD,FC,Cutter,1.9,2,93,25.5,27,0.231,0.269,0.239,17,11.1,13,0.214,0.269,0.229,13
"Ramírez, Yohan",670990,NYM,SI,Sinker,-3.3,-3,97,38.5,27,0.364,0.591,0.496,24.3,14.8,30.8,0.304,0.451,0.393,38.9
"Musgrove, Joe",605397,SD,ST,Sweeper,0,0,81,11.8,27,0.182,0.227,0.276,33.3,25.9,31.8,0.197,0.262,0.291,40
"Bummer, Aaron",607481,ATL,ST,Sweeper,0.2,0,103,36.8,27,0.24,0.24,0.252,30,37,19.6,0.3,0.355,0.315,20
"Winn, Cole",668390,TEX,FF,4-Seam Fastball,-1.6,-1,85,43.6,27,0.208,0.333,0.285,17.8,22.2,20.7,0.172,0.321,0.264,38.9
"Banks, Tanner",621383,CWS,FF,4-Seam Fastball,-0.9,-1,83,24.6,27,0.28,0.44,0.339,28.6,40.7,25.6,0.237,0.52,0.346,64.3
"Cecconi, Slade",677944,AZ,SL,Slider,1.4,1,105,21.9,27,0.12,0.16,0.165,19,14.8,13.3,0.184,0.345,0.259,33.3
"Kelly, Zack",677161,BOS,FF,4-Seam Fastball,-0.6,-1,92,41.3,27,0.222,0.222,0.4,17.4,11.1,8.3,0.308,0.449,0.451,20
"Cannon, Jonathan",686563,CWS,SI,Sinker,1.1,1,97,37.9,27,0.333,0.458,0.383,14.6,14.8,14.3,0.334,0.5,0.396,60
"Pop, Zach",647315,TOR,SI,Sinker,-0.3,0,83,76.9,27,0.308,0.615,0.423,22.4,18.5,33.3,0.288,0.477,0.325,59.1
"Palencia, Daniel",694037,CHC,FF,4-Seam Fastball,-3.8,-4,103,51.5,27,0.348,0.522,0.422,20.4,25.9,28,0.248,0.37,0.328,56.3
"Anderson, Chase",502624,BOS,FC,Cutter,-1.8,-2,124,33.8,27,0.32,0.56,0.388,25.8,3.7,5,0.325,0.599,0.404,36
"Steele, Justin",657006,CHC,SL,Slider,-2.2,-2,88,29.6,27,0.208,0.5,0.282,18.4,29.6,21.6,0.232,0.444,0.278,26.3
"Parker, Mitchell",680730,WSH,FS,Split-Finger,-2.8,-3,110,19.2,27,0.308,0.577,0.387,41,33.3,26.5,0.292,0.523,0.359,17.6
"Moore, Matt",519043,LAA,CH,Changeup,-5,-4,80,26,27,0.28,0.56,0.38,31.7,25.9,21.2,0.172,0.28,0.229,38.9
"Smith, Burch",572143,MIA,FC,Cutter,-3.1,-3,84,22.9,27,0.545,0.636,0.516,15.9,0,0,0.345,0.517,0.395,44
"Barnes, Jacob",606930,WSH,FF,4-Seam Fastball,1.2,1,103,53.9,27,0.208,0.25,0.324,12,11.1,8.3,0.333,0.517,0.402,52.4
"Gilbert, Logan",669302,SEA,FS,Split-Finger,-0.6,-1,125,13.5,27,0.08,0.12,0.131,45.1,63,21.5,0.084,0.114,0.13,50
"Gibson, Kyle",502043,STL,CH,Changeup,2.4,2,88,10.4,27,0.13,0.174,0.191,35.6,22.2,25,0.179,0.314,0.321,44.4
"France, J.P.",641585,HOU,FC,Cutter,-2,-2,111,23.8,27,0.346,0.615,0.452,22.4,22.2,26.1,0.286,0.505,0.348,40
"Rea, Colin",607067,MIL,ST,Sweeper,2.2,3,130,16.5,27,0,0,0.078,20.8,25.9,15.9,0.16,0.251,0.232,11.8
"Wheeler, Zack",554430,PHI,ST,Sweeper,1.1,1,112,11.3,27,0.111,0.222,0.198,37.3,40.7,23.4,0.145,0.187,0.17,25
"Maton, Phil",664208,TB,CU,Curveball,-2,-2,95,30.7,27,0.105,0.368,0.341,38.6,37,20.8,0.15,0.323,0.347,22.2
"Cruz, Fernando",518585,CIN,FF,4-Seam Fastball,0.4,0,105,30.6,27,0.286,0.619,0.422,20.8,18.5,38.5,0.299,0.559,0.408,58.8
"Houser, Adrian",605288,NYM,SL,Slider,-1.2,-1,114,19.6,26,0.273,0.455,0.344,20.8,7.7,7.1,0.348,0.643,0.439,38.1
"Anderson, Nick",623433,KC,CU,Curveball,-0.8,-1,131,48.7,26,0.217,0.348,0.294,14.6,7.7,7.4,0.24,0.315,0.292,23.8
"Mikolas, Miles",571945,STL,CU,Curveball,-3.7,-4,109,13,26,0.308,0.731,0.431,30.2,26.9,16.3,0.273,0.564,0.351,42.1
"Kelly, Merrill",518876,AZ,CH,Changeup,4.8,3,70,19.4,26,0.12,0.12,0.136,31.6,23.1,20,0.148,0.161,0.158,15.8
"Bummer, Aaron",607481,ATL,SI,Sinker,0.8,1,136,48.6,26,0.391,0.391,0.392,13,11.5,14.3,0.308,0.335,0.331,55
"King, John",667463,STL,SI,Sinker,3.8,3,88,60.7,26,0.292,0.375,0.296,17.8,19.2,38.5,0.223,0.272,0.24,30
"Weissert, Greg",669711,BOS,FF,4-Seam Fastball,4.8,4,83,25.9,26,0.04,0.04,0.062,23.5,53.8,24.6,0.114,0.139,0.133,18.2
"Falter, Bailey",663559,PIT,SL,Slider,-2.1,-2,116,17,26,0.32,0.36,0.317,25.5,11.5,13.6,0.308,0.501,0.357,40.9
"Bernardino, Brennan",657514,BOS,CU,Curveball,1.9,2,111,38.1,26,0.12,0.2,0.164,22.2,23.1,16.7,0.162,0.225,0.188,15.8
"Mikolas, Miles",571945,STL,CH,Changeup,-2,-2,85,10.1,26,0.292,0.417,0.31,22,23.1,22.2,0.293,0.468,0.332,47.4
"Miller, Tyson",668338,CHC,FF,4-Seam Fastball,2,3,123,59.4,26,0.167,0.375,0.262,26.9,26.9,20,0.262,0.602,0.386,47.1
"Wilson, Justin",458677,CIN,FF,4-Seam Fastball,-1,-1,102,54.5,26,0.273,0.591,0.387,25,38.5,28.6,0.195,0.453,0.322,53.8
"Wheeler, Zack",554430,PHI,FS,Split-Finger,1.7,2,96,9.7,26,0.167,0.25,0.219,34,38.5,23.8,0.14,0.167,0.178,14.3
"Hoffman, Jeff",656546,PHI,SL,Slider,1.6,2,118,39.1,26,0.208,0.25,0.213,43.8,34.6,23.1,0.197,0.252,0.211,50
"Dunning, Dane",641540,TEX,FC,Cutter,1,1,111,18.4,26,0.136,0.273,0.254,29.8,23.1,25,0.221,0.425,0.338,37.5
"Wheeler, Zack",554430,PHI,CU,Curveball,-2.9,-3,94,9.5,26,0.217,0.478,0.337,39.1,26.9,18.4,0.238,0.418,0.327,50
"Brito, Jhony",666745,SD,FF,4-Seam Fastball,-0.8,-1,94,28.1,26,0.2,0.32,0.242,15,11.5,15.8,0.263,0.529,0.349,54.5
"Soroka, Michael",647336,CWS,CH,Changeup,-3.3,-4,115,13.9,26,0.32,0.68,0.463,14.9,7.7,9.5,0.331,0.596,0.406,34.8
"Latz, Jacob",656641,TEX,CH,Changeup,2,2,75,23,26,0.208,0.25,0.25,39,15.4,22.2,0.259,0.365,0.303,25
"Knack, Landon",689017,LAD,SL,Slider,0.3,0,79,26.6,26,0.182,0.273,0.246,25.6,15.4,16,0.249,0.383,0.307,31.6
"Francis, Bowden",670102,TOR,CU,Curveball,-1,-1,85,34.1,26,0.217,0.304,0.281,24.4,26.9,23.3,0.222,0.292,0.276,18.8
"Maeda, Kenta",628317,DET,FF,4-Seam Fastball,-2.9,-4,137,25.7,26,0.381,0.857,0.552,17.6,15.4,14.3,0.383,0.774,0.527,41.2
"Manaea, Sean",640455,NYM,ST,Sweeper,-0.6,-1,125,15,26,0.2,0.24,0.213,38.7,46.2,20.3,0.183,0.282,0.219,30.8
"Berríos, José",621244,TOR,FF,4-Seam Fastball,0.1,0,139,15.2,26,0.292,0.5,0.365,18.5,15.4,9.8,0.282,0.531,0.372,50
"Estrada, Jeremiah",669093,SD,FF,4-Seam Fastball,0,0,96,54.2,26,0.136,0.273,0.254,20,19.2,26.3,0.241,0.457,0.358,47.1
"Scott, Tayler",605463,HOU,FF,4-Seam Fastball,1,2,145,34.8,26,0.15,0.15,0.265,27.1,38.5,23.3,0.163,0.198,0.281,40
"Ragans, Cole",666142,KC,FC,Cutter,-1.8,-2,121,13.2,26,0.385,0.423,0.36,26.3,7.7,33.3,0.38,0.487,0.376,50
"Marsh, Alec",679525,KC,SL,Slider,0.8,1,110,18.8,26,0.2,0.44,0.317,29.6,23.1,14,0.226,0.409,0.284,36.8
"Díaz, Edwin",621242,NYM,FF,4-Seam Fastball,-0.8,-1,132,41,26,0.19,0.476,0.331,38.6,34.6,29,0.231,0.525,0.362,53.8
"Irvin, Cole",608344,BAL,FC,Cutter,2,1,67,11.1,26,0.269,0.308,0.256,10.5,15.4,25,0.244,0.348,0.255,36.4
"Irvin, Cole",608344,BAL,CH,Changeup,1.4,1,73,12.1,26,0.154,0.154,0.138,28.6,19.2,21.7,0.291,0.44,0.314,57.1
"Wells, Tyler",669330,BAL,FF,4-Seam Fastball,-3.2,-3,89,34.4,26,0.32,0.72,0.442,19.6,19.2,18.5,0.335,0.763,0.466,55
"Rodríguez, Joely",570257,BOS,SI,Sinker,-0.8,-1,99,46.7,26,0.28,0.4,0.381,12.2,19.2,16.1,0.225,0.353,0.266,10
"Pressly, Ryan",519151,HOU,CU,Curveball,0.3,0,90,27.6,25,0.238,0.333,0.32,32.6,36,26.5,0.215,0.361,0.316,41.7
"Cortes, Nestor",641482,NYY,CH,Changeup,-0.8,-1,65,7,25,0.08,0.24,0.166,45.9,48,32.4,0.129,0.208,0.144,38.5
"García, Yimi",554340,TOR,FF,4-Seam Fastball,3.8,3,77,29.7,25,0.043,0.087,0.081,34.8,48,27.9,0.072,0.14,0.113,25
"Romano, Jordan",605447,TOR,FF,4-Seam Fastball,1.4,1,82,47.4,25,0.286,0.429,0.372,8.3,8,16.7,0.372,0.561,0.448,57.9
"Hancock, Emerson",676106,SEA,SL,Slider,-0.7,-1,99,17.5,25,0.238,0.524,0.388,27,20,17.2,0.24,0.41,0.331,23.5
"Dubin, Shawn",681869,HOU,FF,4-Seam Fastball,-2.4,-2,99,40.9,25,0.278,0.389,0.404,22.9,24,27.3,0.299,0.416,0.419,50
"Hamilton, Ian",641656,NYY,SI,Sinker,0.6,1,106,28.4,25,0.476,0.619,0.514,11.6,4,9.1,0.381,0.503,0.434,50
"Winn, Keaton",676775,SF,SL,Slider,0,0,95,14.1,25,0.28,0.44,0.31,32.7,16,16,0.328,0.623,0.403,52.4
"Ureña, José",570632,TEX,CH,Changeup,2,2,118,19.9,25,0.12,0.28,0.166,39.7,16,14.8,0.213,0.382,0.253,23.8
"López, Pablo",641154,MIN,CU,Curveball,0.4,0,102,11.4,25,0.16,0.28,0.188,37.8,48,21.1,0.172,0.354,0.22,53.8
"Lee, Dylan",669276,ATL,FF,4-Seam Fastball,0.7,1,118,39.2,25,0.261,0.391,0.314,10.2,12,11.1,0.29,0.492,0.359,45
"Abbott, Andrew",671096,CIN,CU,Curveball,-1.8,-2,115,14,25,0.375,0.708,0.466,20.8,8,11.8,0.288,0.526,0.359,31.8
"Fairbanks, Pete",664126,TB,FF,4-Seam Fastball,-0.3,0,89,48.1,25,0.238,0.238,0.292,21.2,28,33.3,0.192,0.226,0.265,14.3
"Suárez, Albert",544150,BAL,CH,Changeup,3.7,3,76,19.5,25,0.174,0.304,0.225,22.7,24,19.4,0.226,0.468,0.308,33.3
"Ramírez, Erasmo",541640,TB,SI,Sinker,2.9,3,86,39.1,25,0.174,0.174,0.244,15.2,12,17.6,0.184,0.287,0.235,33.3
"Eflin, Zach",621107,TB,ST,Sweeper,2.8,3,99,11.9,25,0.167,0.5,0.288,27.5,12,17.6,0.209,0.322,0.248,19
"Domínguez, Seranthony",622554,PHI,SL,Slider,-0.3,0,92,29.7,25,0.208,0.625,0.354,27.7,28,16.3,0.159,0.376,0.243,29.4
"Robertson, Nick",687798,STL,FF,4-Seam Fastball,-3.1,-3,89,43.4,25,0.391,0.739,0.468,20,32,29.6,0.284,0.566,0.359,62.5
"Nardi, Andrew",677053,MIA,SL,Slider,-0.6,-1,147,40.2,25,0.174,0.304,0.214,25.3,32,17,0.15,0.187,0.163,12.5
"Booser, Cam",592155,BOS,ST,Sweeper,-0.5,0,62,27.6,25,0.208,0.375,0.238,33.3,32,27.6,0.19,0.36,0.23,29.4
"Marsh, Alec",679525,KC,CU,Curveball,1,1,100,17.1,25,0.136,0.227,0.2,28.9,24,17.6,0.194,0.423,0.288,35.3
"Suarez, José",660761,LAA,FF,4-Seam Fastball,-1,-2,176,34.4,25,0.294,0.412,0.432,31.6,16,10.8,0.243,0.419,0.416,38.5
"Soriano, José",667755,LAA,FF,4-Seam Fastball,-1.6,-2,140,19.3,25,0.35,0.7,0.494,12.7,20,12.2,0.202,0.486,0.37,46.7
"Coulombe, Danny",543056,BAL,FC,Cutter,3.4,4,104,39.4,25,0.208,0.417,0.28,24.5,16,16.7,0.282,0.462,0.334,60
"Martin, Chris",455119,BOS,FC,Cutter,-0.3,0,116,43.3,25,0.292,0.458,0.338,31.3,12,14.3,0.27,0.389,0.301,28.6
"Severino, Luis",622663,NYM,FC,Cutter,-0.2,0,97,11.4,25,0.263,0.263,0.384,18.6,8,13.3,0.284,0.317,0.367,23.5
"Brebbia, John",605154,CWS,FF,4-Seam Fastball,1.9,2,105,43.9,25,0.13,0.391,0.263,33.3,44,28.9,0.179,0.384,0.274,50
"Bird, Jake",656234,COL,SL,Slider,0.5,1,100,28.4,25,0.174,0.261,0.228,33.3,28,21.9,0.162,0.251,0.217,37.5
"Chafin, Andrew",605177,DET,SI,Sinker,-3.6,-4,100,41,25,0.391,0.696,0.518,17.3,4,10,0.281,0.481,0.352,36.4
"Bowman, Matt",621199,AZ,SI,Sinker,2.2,2,90,38.3,25,0.174,0.261,0.228,13.2,24,31.6,0.243,0.335,0.287,41.2
"Teng, Kai-Wei",678906,SF,SI,Sinker,-1.8,-2,90,44.1,25,0.333,0.524,0.422,10.8,8,12.5,0.372,0.693,0.491,57.9
"Kirby, George",669923,SEA,FS,Split-Finger,-6.2,-5,86,9.9,25,0.364,0.636,0.458,23.8,20,10.6,0.301,0.543,0.399,33.3
"Herrin, Tim",682120,CLE,FF,4-Seam Fastball,1.6,1,75,24,25,0.19,0.19,0.256,15.2,20,17.2,0.272,0.472,0.379,43.8
"Gallen, Zac",668678,AZ,CH,Changeup,-0.2,0,81,10,25,0.292,0.458,0.338,11.9,4,6.3,0.304,0.488,0.351,43.5
"Yates, Kirby",489446,TEX,FS,Split-Finger,1.1,1,127,43.2,25,0.095,0.143,0.17,42.6,32,19,0.151,0.173,0.211,35.7
"Marte, Yunior",628708,PHI,SI,Sinker,4.3,4,87,39.2,25,0.087,0.087,0.164,18.9,36,42.9,0.188,0.311,0.253,14.3
"Means, John",607644,BAL,CH,Changeup,-1,-1,79,29.4,25,0.24,0.36,0.26,39.1,28,18.9,0.244,0.433,0.288,38.9
"Scott, Tayler",605463,HOU,CH,Changeup,3,3,109,26.1,25,0.167,0.167,0.172,34,24,15.4,0.184,0.219,0.198,16.7
